artifact_id,meta_rule,artifact_type,ground_truth,system,experiment,prediction
SMP-DOCUMENTAL-NEG,DOCUMENTAL,documento_texto,0,regex_baseline,,0
SMP-DOCUMENTAL-NEG,DOCUMENTAL,documento_texto,0,Gemma-2-9B-it,1,1
SMP-DOCUMENTAL-NEG,DOCUMENTAL,documento_texto,0,Gemma-2-9B-it,2,0
SMP-DOCUMENTAL-NEG,DOCUMENTAL,documento_texto,0,Gemma-2-9B-it,3,0
SMP-DOCUMENTAL-NEG,DOCUMENTAL,documento_texto,0,Gemma-2-9B-it,4,1
SMP-DOCUMENTAL-NEG,DOCUMENTAL,documento_texto,0,Gemma-2-9B-it,5,0
SMP-DOCUMENTAL-NEG,DOCUMENTAL,documento_texto,0,Gemma-2-9B-it,6,0
SMP-DOCUMENTAL-NEG,DOCUMENTAL,documento_texto,0,Gemma-2-9B-it,7,1
SMP-DOCUMENTAL-NEG,DOCUMENTAL,documento_texto,0,Gemma-2-9B-it,8,1
SMP-DOCUMENTAL-NEG,DOCUMENTAL,documento_texto,0,Mistral-7B-Instruct-v0.2,1,1
SMP-DOCUMENTAL-NEG,DOCUMENTAL,documento_texto,0,Mistral-7B-Instruct-v0.2,2,1
SMP-DOCUMENTAL-NEG,DOCUMENTAL,documento_texto,0,Mistral-7B-Instruct-v0.2,3,1
SMP-DOCUMENTAL-NEG,DOCUMENTAL,documento_texto,0,Mistral-7B-Instruct-v0.2,4,1
SMP-DOCUMENTAL-NEG,DOCUMENTAL,documento_texto,0,Mistral-7B-Instruct-v0.2,5,1
SMP-DOCUMENTAL-NEG,DOCUMENTAL,documento_texto,0,Mistral-7B-Instruct-v0.2,6,1
SMP-DOCUMENTAL-NEG,DOCUMENTAL,documento_texto,0,Mistral-7B-Instruct-v0.2,7,1
SMP-DOCUMENTAL-NEG,DOCUMENTAL,documento_texto,0,Mistral-7B-Instruct-v0.2,8,1
SMP-DOCUMENTAL-NEG,DOCUMENTAL,documento_texto,0,Qwen2.5-7B-Instruct,1,1
SMP-DOCUMENTAL-NEG,DOCUMENTAL,documento_texto,0,Qwen2.5-7B-Instruct,2,0
SMP-DOCUMENTAL-NEG,DOCUMENTAL,documento_texto,0,Qwen2.5-7B-Instruct,3,1
SMP-DOCUMENTAL-NEG,DOCUMENTAL,documento_texto,0,Qwen2.5-7B-Instruct,4,1
SMP-DOCUMENTAL-NEG,DOCUMENTAL,documento_texto,0,Qwen2.5-7B-Instruct,5,0
SMP-DOCUMENTAL-NEG,DOCUMENTAL,documento_texto,0,Qwen2.5-7B-Instruct,6,0
SMP-DOCUMENTAL-NEG,DOCUMENTAL,documento_texto,0,Qwen2.5-7B-Instruct,7,0
SMP-DOCUMENTAL-NEG,DOCUMENTAL,documento_texto,0,Qwen2.5-7B-Instruct,8,0
SMP-DOCUMENTAL-NEG,DOCUMENTAL,documento_texto,0,Phi-3.5-mini-instruct,1,1
SMP-DOCUMENTAL-NEG,DOCUMENTAL,documento_texto,0,Phi-3.5-mini-instruct,2,0
SMP-DOCUMENTAL-NEG,DOCUMENTAL,documento_texto,0,Phi-3.5-mini-instruct,3,1
SMP-DOCUMENTAL-NEG,DOCUMENTAL,documento_texto,0,Phi-3.5-mini-instruct,4,1
SMP-DOCUMENTAL-NEG,DOCUMENTAL,documento_texto,0,Phi-3.5-mini-instruct,5,1
SMP-DOCUMENTAL-NEG,DOCUMENTAL,documento_texto,0,Phi-3.5-mini-instruct,6,1
SMP-DOCUMENTAL-NEG,DOCUMENTAL,documento_texto,0,Phi-3.5-mini-instruct,7,1
SMP-DOCUMENTAL-NEG,DOCUMENTAL,documento_texto,0,Phi-3.5-mini-instruct,8,1
SMP-DOCUMENTAL-POS,DOCUMENTAL,documento_texto,1,regex_baseline,,1
SMP-DOCUMENTAL-POS,DOCUMENTAL,documento_texto,1,Gemma-2-9B-it,1,1
SMP-DOCUMENTAL-POS,DOCUMENTAL,documento_texto,1,Gemma-2-9B-it,2,1
SMP-DOCUMENTAL-POS,DOCUMENTAL,documento_texto,1,Gemma-2-9B-it,3,1
SMP-DOCUMENTAL-POS,DOCUMENTAL,documento_texto,1,Gemma-2-9B-it,4,1
SMP-DOCUMENTAL-POS,DOCUMENTAL,documento_texto,1,Gemma-2-9B-it,5,1
SMP-DOCUMENTAL-POS,DOCUMENTAL,documento_texto,1,Gemma-2-9B-it,6,1
SMP-DOCUMENTAL-POS,DOCUMENTAL,documento_texto,1,Gemma-2-9B-it,7,1
SMP-DOCUMENTAL-POS,DOCUMENTAL,documento_texto,1,Gemma-2-9B-it,8,1
SMP-DOCUMENTAL-POS,DOCUMENTAL,documento_texto,1,Mistral-7B-Instruct-v0.2,1,1
SMP-DOCUMENTAL-POS,DOCUMENTAL,documento_texto,1,Mistral-7B-Instruct-v0.2,2,1
SMP-DOCUMENTAL-POS,DOCUMENTAL,documento_texto,1,Mistral-7B-Instruct-v0.2,3,1
SMP-DOCUMENTAL-POS,DOCUMENTAL,documento_texto,1,Mistral-7B-Instruct-v0.2,4,1
SMP-DOCUMENTAL-POS,DOCUMENTAL,documento_texto,1,Mistral-7B-Instruct-v0.2,5,1
SMP-DOCUMENTAL-POS,DOCUMENTAL,documento_texto,1,Mistral-7B-Instruct-v0.2,6,1
SMP-DOCUMENTAL-POS,DOCUMENTAL,documento_texto,1,Mistral-7B-Instruct-v0.2,7,1
SMP-DOCUMENTAL-POS,DOCUMENTAL,documento_texto,1,Mistral-7B-Instruct-v0.2,8,1
SMP-DOCUMENTAL-POS,DOCUMENTAL,documento_texto,1,Qwen2.5-7B-Instruct,1,1
SMP-DOCUMENTAL-POS,DOCUMENTAL,documento_texto,1,Qwen2.5-7B-Instruct,2,1
SMP-DOCUMENTAL-POS,DOCUMENTAL,documento_texto,1,Qwen2.5-7B-Instruct,3,1
SMP-DOCUMENTAL-POS,DOCUMENTAL,documento_texto,1,Qwen2.5-7B-Instruct,4,1
SMP-DOCUMENTAL-POS,DOCUMENTAL,documento_texto,1,Qwen2.5-7B-Instruct,5,1
SMP-DOCUMENTAL-POS,DOCUMENTAL,documento_texto,1,Qwen2.5-7B-Instruct,6,1
SMP-DOCUMENTAL-POS,DOCUMENTAL,documento_texto,1,Qwen2.5-7B-Instruct,7,1
SMP-DOCUMENTAL-POS,DOCUMENTAL,documento_texto,1,Qwen2.5-7B-Instruct,8,1
SMP-DOCUMENTAL-POS,DOCUMENTAL,documento_texto,1,Phi-3.5-mini-instruct,1,1
SMP-DOCUMENTAL-POS,DOCUMENTAL,documento_texto,1,Phi-3.5-mini-instruct,2,1
SMP-DOCUMENTAL-POS,DOCUMENTAL,documento_texto,1,Phi-3.5-mini-instruct,3,1
SMP-DOCUMENTAL-POS,DOCUMENTAL,documento_texto,1,Phi-3.5-mini-instruct,4,1
SMP-DOCUMENTAL-POS,DOCUMENTAL,documento_texto,1,Phi-3.5-mini-instruct,5,1
SMP-DOCUMENTAL-POS,DOCUMENTAL,documento_texto,1,Phi-3.5-mini-instruct,6,1
SMP-DOCUMENTAL-POS,DOCUMENTAL,documento_texto,1,Phi-3.5-mini-instruct,7,1
SMP-DOCUMENTAL-POS,DOCUMENTAL,documento_texto,1,Phi-3.5-mini-instruct,8,1
SMP-CALIDAD-NEG,CALIDAD,codigo_fuente,0,regex_baseline,,0
SMP-CALIDAD-NEG,CALIDAD,codigo_fuente,0,Gemma-2-9B-it,1,0
SMP-CALIDAD-NEG,CALIDAD,codigo_fuente,0,Gemma-2-9B-it,2,0
SMP-CALIDAD-NEG,CALIDAD,codigo_fuente,0,Gemma-2-9B-it,3,0
SMP-CALIDAD-NEG,CALIDAD,codigo_fuente,0,Gemma-2-9B-it,4,0
SMP-CALIDAD-NEG,CALIDAD,codigo_fuente,0,Gemma-2-9B-it,5,0
SMP-CALIDAD-NEG,CALIDAD,codigo_fuente,0,Gemma-2-9B-it,6,0
SMP-CALIDAD-NEG,CALIDAD,codigo_fuente,0,Gemma-2-9B-it,7,0
SMP-CALIDAD-NEG,CALIDAD,codigo_fuente,0,Gemma-2-9B-it,8,0
SMP-CALIDAD-NEG,CALIDAD,codigo_fuente,0,Mistral-7B-Instruct-v0.2,1,0
SMP-CALIDAD-NEG,CALIDAD,codigo_fuente,0,Mistral-7B-Instruct-v0.2,2,0
SMP-CALIDAD-NEG,CALIDAD,codigo_fuente,0,Mistral-7B-Instruct-v0.2,3,0
SMP-CALIDAD-NEG,CALIDAD,codigo_fuente,0,Mistral-7B-Instruct-v0.2,4,0
SMP-CALIDAD-NEG,CALIDAD,codigo_fuente,0,Mistral-7B-Instruct-v0.2,5,0
SMP-CALIDAD-NEG,CALIDAD,codigo_fuente,0,Mistral-7B-Instruct-v0.2,6,0
SMP-CALIDAD-NEG,CALIDAD,codigo_fuente,0,Mistral-7B-Instruct-v0.2,7,0
SMP-CALIDAD-NEG,CALIDAD,codigo_fuente,0,Mistral-7B-Instruct-v0.2,8,0
SMP-CALIDAD-NEG,CALIDAD,codigo_fuente,0,Qwen2.5-7B-Instruct,1,0
SMP-CALIDAD-NEG,CALIDAD,codigo_fuente,0,Qwen2.5-7B-Instruct,2,0
SMP-CALIDAD-NEG,CALIDAD,codigo_fuente,0,Qwen2.5-7B-Instruct,3,0
SMP-CALIDAD-NEG,CALIDAD,codigo_fuente,0,Qwen2.5-7B-Instruct,4,0
SMP-CALIDAD-NEG,CALIDAD,codigo_fuente,0,Qwen2.5-7B-Instruct,5,0
SMP-CALIDAD-NEG,CALIDAD,codigo_fuente,0,Qwen2.5-7B-Instruct,6,0
SMP-CALIDAD-NEG,CALIDAD,codigo_fuente,0,Qwen2.5-7B-Instruct,7,0
SMP-CALIDAD-NEG,CALIDAD,codigo_fuente,0,Qwen2.5-7B-Instruct,8,0
SMP-CALIDAD-NEG,CALIDAD,codigo_fuente,0,Phi-3.5-mini-instruct,1,0
SMP-CALIDAD-NEG,CALIDAD,codigo_fuente,0,Phi-3.5-mini-instruct,2,0
SMP-CALIDAD-NEG,CALIDAD,codigo_fuente,0,Phi-3.5-mini-instruct,3,0
SMP-CALIDAD-NEG,CALIDAD,codigo_fuente,0,Phi-3.5-mini-instruct,4,0
SMP-CALIDAD-NEG,CALIDAD,codigo_fuente,0,Phi-3.5-mini-instruct,5,0
SMP-CALIDAD-NEG,CALIDAD,codigo_fuente,0,Phi-3.5-mini-instruct,6,0
SMP-CALIDAD-NEG,CALIDAD,codigo_fuente,0,Phi-3.5-mini-instruct,7,0
SMP-CALIDAD-NEG,CALIDAD,codigo_fuente,0,Phi-3.5-mini-instruct,8,0
SMP-CALIDAD-POS,CALIDAD,documento_texto,1,regex_baseline,,1
SMP-CALIDAD-POS,CALIDAD,documento_texto,1,Gemma-2-9B-it,1,1
SMP-CALIDAD-POS,CALIDAD,documento_texto,1,Gemma-2-9B-it,2,1
SMP-CALIDAD-POS,CALIDAD,documento_texto,1,Gemma-2-9B-it,3,1
SMP-CALIDAD-POS,CALIDAD,documento_texto,1,Gemma-2-9B-it,4,1
SMP-CALIDAD-POS,CALIDAD,documento_texto,1,Gemma-2-9B-it,5,1
SMP-CALIDAD-POS,CALIDAD,documento_texto,1,Gemma-2-9B-it,6,1
SMP-CALIDAD-POS,CALIDAD,documento_texto,1,Gemma-2-9B-it,7,1
SMP-CALIDAD-POS,CALIDAD,documento_texto,1,Gemma-2-9B-it,8,1
SMP-CALIDAD-POS,CALIDAD,documento_texto,1,Mistral-7B-Instruct-v0.2,1,0
SMP-CALIDAD-POS,CALIDAD,documento_texto,1,Mistral-7B-Instruct-v0.2,2,1
SMP-CALIDAD-POS,CALIDAD,documento_texto,1,Mistral-7B-Instruct-v0.2,3,1
SMP-CALIDAD-POS,CALIDAD,documento_texto,1,Mistral-7B-Instruct-v0.2,4,1
SMP-CALIDAD-POS,CALIDAD,documento_texto,1,Mistral-7B-Instruct-v0.2,5,1
SMP-CALIDAD-POS,CALIDAD,documento_texto,1,Mistral-7B-Instruct-v0.2,6,1
SMP-CALIDAD-POS,CALIDAD,documento_texto,1,Mistral-7B-Instruct-v0.2,7,1
SMP-CALIDAD-POS,CALIDAD,documento_texto,1,Mistral-7B-Instruct-v0.2,8,1
SMP-CALIDAD-POS,CALIDAD,documento_texto,1,Qwen2.5-7B-Instruct,1,1
SMP-CALIDAD-POS,CALIDAD,documento_texto,1,Qwen2.5-7B-Instruct,2,1
SMP-CALIDAD-POS,CALIDAD,documento_texto,1,Qwen2.5-7B-Instruct,3,1
SMP-CALIDAD-POS,CALIDAD,documento_texto,1,Qwen2.5-7B-Instruct,4,1
SMP-CALIDAD-POS,CALIDAD,documento_texto,1,Qwen2.5-7B-Instruct,5,1
SMP-CALIDAD-POS,CALIDAD,documento_texto,1,Qwen2.5-7B-Instruct,6,1
SMP-CALIDAD-POS,CALIDAD,documento_texto,1,Qwen2.5-7B-Instruct,7,1
SMP-CALIDAD-POS,CALIDAD,documento_texto,1,Qwen2.5-7B-Instruct,8,1
SMP-CALIDAD-POS,CALIDAD,documento_texto,1,Phi-3.5-mini-instruct,1,1
SMP-CALIDAD-POS,CALIDAD,documento_texto,1,Phi-3.5-mini-instruct,2,1
SMP-CALIDAD-POS,CALIDAD,documento_texto,1,Phi-3.5-mini-instruct,3,1
SMP-CALIDAD-POS,CALIDAD,documento_texto,1,Phi-3.5-mini-instruct,4,1
SMP-CALIDAD-POS,CALIDAD,documento_texto,1,Phi-3.5-mini-instruct,5,1
SMP-CALIDAD-POS,CALIDAD,documento_texto,1,Phi-3.5-mini-instruct,6,1
SMP-CALIDAD-POS,CALIDAD,documento_texto,1,Phi-3.5-mini-instruct,7,1
SMP-CALIDAD-POS,CALIDAD,documento_texto,1,Phi-3.5-mini-instruct,8,1
SMP-GOBERNANZA-NEG,GOBERNANZA,codigo_fuente,0,regex_baseline,,0
SMP-GOBERNANZA-NEG,GOBERNANZA,codigo_fuente,0,Gemma-2-9B-it,1,1
SMP-GOBERNANZA-NEG,GOBERNANZA,codigo_fuente,0,Gemma-2-9B-it,2,0
SMP-GOBERNANZA-NEG,GOBERNANZA,codigo_fuente,0,Gemma-2-9B-it,3,0
SMP-GOBERNANZA-NEG,GOBERNANZA,codigo_fuente,0,Gemma-2-9B-it,4,0
SMP-GOBERNANZA-NEG,GOBERNANZA,codigo_fuente,0,Gemma-2-9B-it,5,0
SMP-GOBERNANZA-NEG,GOBERNANZA,codigo_fuente,0,Gemma-2-9B-it,6,0
SMP-GOBERNANZA-NEG,GOBERNANZA,codigo_fuente,0,Gemma-2-9B-it,7,0
SMP-GOBERNANZA-NEG,GOBERNANZA,codigo_fuente,0,Gemma-2-9B-it,8,0
SMP-GOBERNANZA-NEG,GOBERNANZA,codigo_fuente,0,Mistral-7B-Instruct-v0.2,1,1
SMP-GOBERNANZA-NEG,GOBERNANZA,codigo_fuente,0,Mistral-7B-Instruct-v0.2,2,0
SMP-GOBERNANZA-NEG,GOBERNANZA,codigo_fuente,0,Mistral-7B-Instruct-v0.2,3,0
SMP-GOBERNANZA-NEG,GOBERNANZA,codigo_fuente,0,Mistral-7B-Instruct-v0.2,4,0
SMP-GOBERNANZA-NEG,GOBERNANZA,codigo_fuente,0,Mistral-7B-Instruct-v0.2,5,0
SMP-GOBERNANZA-NEG,GOBERNANZA,codigo_fuente,0,Mistral-7B-Instruct-v0.2,6,0
SMP-GOBERNANZA-NEG,GOBERNANZA,codigo_fuente,0,Mistral-7B-Instruct-v0.2,7,0
SMP-GOBERNANZA-NEG,GOBERNANZA,codigo_fuente,0,Mistral-7B-Instruct-v0.2,8,0
SMP-GOBERNANZA-NEG,GOBERNANZA,codigo_fuente,0,Qwen2.5-7B-Instruct,1,0
SMP-GOBERNANZA-NEG,GOBERNANZA,codigo_fuente,0,Qwen2.5-7B-Instruct,2,0
SMP-GOBERNANZA-NEG,GOBERNANZA,codigo_fuente,0,Qwen2.5-7B-Instruct,3,0
SMP-GOBERNANZA-NEG,GOBERNANZA,codigo_fuente,0,Qwen2.5-7B-Instruct,4,0
SMP-GOBERNANZA-NEG,GOBERNANZA,codigo_fuente,0,Qwen2.5-7B-Instruct,5,0
SMP-GOBERNANZA-NEG,GOBERNANZA,codigo_fuente,0,Qwen2.5-7B-Instruct,6,0
SMP-GOBERNANZA-NEG,GOBERNANZA,codigo_fuente,0,Qwen2.5-7B-Instruct,7,0
SMP-GOBERNANZA-NEG,GOBERNANZA,codigo_fuente,0,Qwen2.5-7B-Instruct,8,0
SMP-GOBERNANZA-NEG,GOBERNANZA,codigo_fuente,0,Phi-3.5-mini-instruct,1,0
SMP-GOBERNANZA-NEG,GOBERNANZA,codigo_fuente,0,Phi-3.5-mini-instruct,2,0
SMP-GOBERNANZA-NEG,GOBERNANZA,codigo_fuente,0,Phi-3.5-mini-instruct,3,0
SMP-GOBERNANZA-NEG,GOBERNANZA,codigo_fuente,0,Phi-3.5-mini-instruct,4,1
SMP-GOBERNANZA-NEG,GOBERNANZA,codigo_fuente,0,Phi-3.5-mini-instruct,5,0
SMP-GOBERNANZA-NEG,GOBERNANZA,codigo_fuente,0,Phi-3.5-mini-instruct,6,0
SMP-GOBERNANZA-NEG,GOBERNANZA,codigo_fuente,0,Phi-3.5-mini-instruct,7,0
SMP-GOBERNANZA-NEG,GOBERNANZA,codigo_fuente,0,Phi-3.5-mini-instruct,8,0
SMP-GOBERNANZA-POS,GOBERNANZA,codigo_fuente,1,regex_baseline,,1
SMP-GOBERNANZA-POS,GOBERNANZA,codigo_fuente,1,Gemma-2-9B-it,1,0
SMP-GOBERNANZA-POS,GOBERNANZA,codigo_fuente,1,Gemma-2-9B-it,2,0
SMP-GOBERNANZA-POS,GOBERNANZA,codigo_fuente,1,Gemma-2-9B-it,3,0
SMP-GOBERNANZA-POS,GOBERNANZA,codigo_fuente,1,Gemma-2-9B-it,4,1
SMP-GOBERNANZA-POS,GOBERNANZA,codigo_fuente,1,Gemma-2-9B-it,5,0
SMP-GOBERNANZA-POS,GOBERNANZA,codigo_fuente,1,Gemma-2-9B-it,6,0
SMP-GOBERNANZA-POS,GOBERNANZA,codigo_fuente,1,Gemma-2-9B-it,7,0
SMP-GOBERNANZA-POS,GOBERNANZA,codigo_fuente,1,Gemma-2-9B-it,8,0
SMP-GOBERNANZA-POS,GOBERNANZA,codigo_fuente,1,Mistral-7B-Instruct-v0.2,1,0
SMP-GOBERNANZA-POS,GOBERNANZA,codigo_fuente,1,Mistral-7B-Instruct-v0.2,2,0
SMP-GOBERNANZA-POS,GOBERNANZA,codigo_fuente,1,Mistral-7B-Instruct-v0.2,3,0
SMP-GOBERNANZA-POS,GOBERNANZA,codigo_fuente,1,Mistral-7B-Instruct-v0.2,4,0
SMP-GOBERNANZA-POS,GOBERNANZA,codigo_fuente,1,Mistral-7B-Instruct-v0.2,5,0
SMP-GOBERNANZA-POS,GOBERNANZA,codigo_fuente,1,Mistral-7B-Instruct-v0.2,6,0
SMP-GOBERNANZA-POS,GOBERNANZA,codigo_fuente,1,Mistral-7B-Instruct-v0.2,7,0
SMP-GOBERNANZA-POS,GOBERNANZA,codigo_fuente,1,Mistral-7B-Instruct-v0.2,8,0
SMP-GOBERNANZA-POS,GOBERNANZA,codigo_fuente,1,Qwen2.5-7B-Instruct,1,0
SMP-GOBERNANZA-POS,GOBERNANZA,codigo_fuente,1,Qwen2.5-7B-Instruct,2,0
SMP-GOBERNANZA-POS,GOBERNANZA,codigo_fuente,1,Qwen2.5-7B-Instruct,3,0
SMP-GOBERNANZA-POS,GOBERNANZA,codigo_fuente,1,Qwen2.5-7B-Instruct,4,0
SMP-GOBERNANZA-POS,GOBERNANZA,codigo_fuente,1,Qwen2.5-7B-Instruct,5,0
SMP-GOBERNANZA-POS,GOBERNANZA,codigo_fuente,1,Qwen2.5-7B-Instruct,6,0
SMP-GOBERNANZA-POS,GOBERNANZA,codigo_fuente,1,Qwen2.5-7B-Instruct,7,0
SMP-GOBERNANZA-POS,GOBERNANZA,codigo_fuente,1,Qwen2.5-7B-Instruct,8,0
SMP-GOBERNANZA-POS,GOBERNANZA,codigo_fuente,1,Phi-3.5-mini-instruct,1,0
SMP-GOBERNANZA-POS,GOBERNANZA,codigo_fuente,1,Phi-3.5-mini-instruct,2,0
SMP-GOBERNANZA-POS,GOBERNANZA,codigo_fuente,1,Phi-3.5-mini-instruct,3,0
SMP-GOBERNANZA-POS,GOBERNANZA,codigo_fuente,1,Phi-3.5-mini-instruct,4,1
SMP-GOBERNANZA-POS,GOBERNANZA,codigo_fuente,1,Phi-3.5-mini-instruct,5,0
SMP-GOBERNANZA-POS,GOBERNANZA,codigo_fuente,1,Phi-3.5-mini-instruct,6,0
SMP-GOBERNANZA-POS,GOBERNANZA,codigo_fuente,1,Phi-3.5-mini-instruct,7,0
SMP-GOBERNANZA-POS,GOBERNANZA,codigo_fuente,1,Phi-3.5-mini-instruct,8,0
SMP-GOBERNANZA-POS,GOBERNANZA,documento_texto,1,regex_baseline,,1
SMP-GOBERNANZA-POS,GOBERNANZA,documento_texto,1,Gemma-2-9B-it,1,1
SMP-GOBERNANZA-POS,GOBERNANZA,documento_texto,1,Gemma-2-9B-it,2,1
SMP-GOBERNANZA-POS,GOBERNANZA,documento_texto,1,Gemma-2-9B-it,3,1
SMP-GOBERNANZA-POS,GOBERNANZA,documento_texto,1,Gemma-2-9B-it,4,1
SMP-GOBERNANZA-POS,GOBERNANZA,documento_texto,1,Gemma-2-9B-it,5,1
SMP-GOBERNANZA-POS,GOBERNANZA,documento_texto,1,Gemma-2-9B-it,6,1
SMP-GOBERNANZA-POS,GOBERNANZA,documento_texto,1,Gemma-2-9B-it,7,1
SMP-GOBERNANZA-POS,GOBERNANZA,documento_texto,1,Gemma-2-9B-it,8,1
SMP-GOBERNANZA-POS,GOBERNANZA,documento_texto,1,Mistral-7B-Instruct-v0.2,1,1
SMP-GOBERNANZA-POS,GOBERNANZA,documento_texto,1,Mistral-7B-Instruct-v0.2,2,1
SMP-GOBERNANZA-POS,GOBERNANZA,documento_texto,1,Mistral-7B-Instruct-v0.2,3,1
SMP-GOBERNANZA-POS,GOBERNANZA,documento_texto,1,Mistral-7B-Instruct-v0.2,4,1
SMP-GOBERNANZA-POS,GOBERNANZA,documento_texto,1,Mistral-7B-Instruct-v0.2,5,1
SMP-GOBERNANZA-POS,GOBERNANZA,documento_texto,1,Mistral-7B-Instruct-v0.2,6,1
SMP-GOBERNANZA-POS,GOBERNANZA,documento_texto,1,Mistral-7B-Instruct-v0.2,7,1
SMP-GOBERNANZA-POS,GOBERNANZA,documento_texto,1,Mistral-7B-Instruct-v0.2,8,1
SMP-GOBERNANZA-POS,GOBERNANZA,documento_texto,1,Qwen2.5-7B-Instruct,1,1
SMP-GOBERNANZA-POS,GOBERNANZA,documento_texto,1,Qwen2.5-7B-Instruct,2,1
SMP-GOBERNANZA-POS,GOBERNANZA,documento_texto,1,Qwen2.5-7B-Instruct,3,1
SMP-GOBERNANZA-POS,GOBERNANZA,documento_texto,1,Qwen2.5-7B-Instruct,4,1
SMP-GOBERNANZA-POS,GOBERNANZA,documento_texto,1,Qwen2.5-7B-Instruct,5,1
SMP-GOBERNANZA-POS,GOBERNANZA,documento_texto,1,Qwen2.5-7B-Instruct,6,1
SMP-GOBERNANZA-POS,GOBERNANZA,documento_texto,1,Qwen2.5-7B-Instruct,7,1
SMP-GOBERNANZA-POS,GOBERNANZA,documento_texto,1,Qwen2.5-7B-Instruct,8,1
SMP-GOBERNANZA-POS,GOBERNANZA,documento_texto,1,Phi-3.5-mini-instruct,1,1
SMP-GOBERNANZA-POS,GOBERNANZA,documento_texto,1,Phi-3.5-mini-instruct,2,1
SMP-GOBERNANZA-POS,GOBERNANZA,documento_texto,1,Phi-3.5-mini-instruct,3,1
SMP-GOBERNANZA-POS,GOBERNANZA,documento_texto,1,Phi-3.5-mini-instruct,4,1
SMP-GOBERNANZA-POS,GOBERNANZA,documento_texto,1,Phi-3.5-mini-instruct,5,1
SMP-GOBERNANZA-POS,GOBERNANZA,documento_texto,1,Phi-3.5-mini-instruct,6,1
SMP-GOBERNANZA-POS,GOBERNANZA,documento_texto,1,Phi-3.5-mini-instruct,7,1
SMP-GOBERNANZA-POS,GOBERNANZA,documento_texto,1,Phi-3.5-mini-instruct,8,1
SMP-SEGURIDAD-NEG,SEGURIDAD,codigo_fuente,0,regex_baseline,,0
SMP-SEGURIDAD-NEG,SEGURIDAD,codigo_fuente,0,Gemma-2-9B-it,1,0
SMP-SEGURIDAD-NEG,SEGURIDAD,codigo_fuente,0,Gemma-2-9B-it,2,0
SMP-SEGURIDAD-NEG,SEGURIDAD,codigo_fuente,0,Gemma-2-9B-it,3,0
SMP-SEGURIDAD-NEG,SEGURIDAD,codigo_fuente,0,Gemma-2-9B-it,4,0
SMP-SEGURIDAD-NEG,SEGURIDAD,codigo_fuente,0,Gemma-2-9B-it,5,0
SMP-SEGURIDAD-NEG,SEGURIDAD,codigo_fuente,0,Gemma-2-9B-it,6,0
SMP-SEGURIDAD-NEG,SEGURIDAD,codigo_fuente,0,Gemma-2-9B-it,7,0
SMP-SEGURIDAD-NEG,SEGURIDAD,codigo_fuente,0,Gemma-2-9B-it,8,0
SMP-SEGURIDAD-NEG,SEGURIDAD,codigo_fuente,0,Mistral-7B-Instruct-v0.2,1,0
SMP-SEGURIDAD-NEG,SEGURIDAD,codigo_fuente,0,Mistral-7B-Instruct-v0.2,2,0
SMP-SEGURIDAD-NEG,SEGURIDAD,codigo_fuente,0,Mistral-7B-Instruct-v0.2,3,0
SMP-SEGURIDAD-NEG,SEGURIDAD,codigo_fuente,0,Mistral-7B-Instruct-v0.2,4,1
SMP-SEGURIDAD-NEG,SEGURIDAD,codigo_fuente,0,Mistral-7B-Instruct-v0.2,5,0
SMP-SEGURIDAD-NEG,SEGURIDAD,codigo_fuente,0,Mistral-7B-Instruct-v0.2,6,0
SMP-SEGURIDAD-NEG,SEGURIDAD,codigo_fuente,0,Mistral-7B-Instruct-v0.2,7,0
SMP-SEGURIDAD-NEG,SEGURIDAD,codigo_fuente,0,Mistral-7B-Instruct-v0.2,8,0
SMP-SEGURIDAD-NEG,SEGURIDAD,codigo_fuente,0,Qwen2.5-7B-Instruct,1,0
SMP-SEGURIDAD-NEG,SEGURIDAD,codigo_fuente,0,Qwen2.5-7B-Instruct,2,0
SMP-SEGURIDAD-NEG,SEGURIDAD,codigo_fuente,0,Qwen2.5-7B-Instruct,3,0
SMP-SEGURIDAD-NEG,SEGURIDAD,codigo_fuente,0,Qwen2.5-7B-Instruct,4,0
SMP-SEGURIDAD-NEG,SEGURIDAD,codigo_fuente,0,Qwen2.5-7B-Instruct,5,0
SMP-SEGURIDAD-NEG,SEGURIDAD,codigo_fuente,0,Qwen2.5-7B-Instruct,6,0
SMP-SEGURIDAD-NEG,SEGURIDAD,codigo_fuente,0,Qwen2.5-7B-Instruct,7,0
SMP-SEGURIDAD-NEG,SEGURIDAD,codigo_fuente,0,Qwen2.5-7B-Instruct,8,0
SMP-SEGURIDAD-NEG,SEGURIDAD,codigo_fuente,0,Phi-3.5-mini-instruct,1,0
SMP-SEGURIDAD-NEG,SEGURIDAD,codigo_fuente,0,Phi-3.5-mini-instruct,2,0
SMP-SEGURIDAD-NEG,SEGURIDAD,codigo_fuente,0,Phi-3.5-mini-instruct,3,0
SMP-SEGURIDAD-NEG,SEGURIDAD,codigo_fuente,0,Phi-3.5-mini-instruct,4,1
SMP-SEGURIDAD-NEG,SEGURIDAD,codigo_fuente,0,Phi-3.5-mini-instruct,5,0
SMP-SEGURIDAD-NEG,SEGURIDAD,codigo_fuente,0,Phi-3.5-mini-instruct,6,0
SMP-SEGURIDAD-NEG,SEGURIDAD,codigo_fuente,0,Phi-3.5-mini-instruct,7,1
SMP-SEGURIDAD-NEG,SEGURIDAD,codigo_fuente,0,Phi-3.5-mini-instruct,8,1
SMP-SEGURIDAD-POS,SEGURIDAD,codigo_fuente,1,regex_baseline,,1
SMP-SEGURIDAD-POS,SEGURIDAD,codigo_fuente,1,Gemma-2-9B-it,1,0
SMP-SEGURIDAD-POS,SEGURIDAD,codigo_fuente,1,Gemma-2-9B-it,2,0
SMP-SEGURIDAD-POS,SEGURIDAD,codigo_fuente,1,Gemma-2-9B-it,3,0
SMP-SEGURIDAD-POS,SEGURIDAD,codigo_fuente,1,Gemma-2-9B-it,4,1
SMP-SEGURIDAD-POS,SEGURIDAD,codigo_fuente,1,Gemma-2-9B-it,5,0
SMP-SEGURIDAD-POS,SEGURIDAD,codigo_fuente,1,Gemma-2-9B-it,6,0
SMP-SEGURIDAD-POS,SEGURIDAD,codigo_fuente,1,Gemma-2-9B-it,7,0
SMP-SEGURIDAD-POS,SEGURIDAD,codigo_fuente,1,Gemma-2-9B-it,8,0
SMP-SEGURIDAD-POS,SEGURIDAD,codigo_fuente,1,Mistral-7B-Instruct-v0.2,1,0
SMP-SEGURIDAD-POS,SEGURIDAD,codigo_fuente,1,Mistral-7B-Instruct-v0.2,2,0
SMP-SEGURIDAD-POS,SEGURIDAD,codigo_fuente,1,Mistral-7B-Instruct-v0.2,3,0
SMP-SEGURIDAD-POS,SEGURIDAD,codigo_fuente,1,Mistral-7B-Instruct-v0.2,4,1
SMP-SEGURIDAD-POS,SEGURIDAD,codigo_fuente,1,Mistral-7B-Instruct-v0.2,5,0
SMP-SEGURIDAD-POS,SEGURIDAD,codigo_fuente,1,Mistral-7B-Instruct-v0.2,6,0
SMP-SEGURIDAD-POS,SEGURIDAD,codigo_fuente,1,Mistral-7B-Instruct-v0.2,7,1
SMP-SEGURIDAD-POS,SEGURIDAD,codigo_fuente,1,Mistral-7B-Instruct-v0.2,8,0
SMP-SEGURIDAD-POS,SEGURIDAD,codigo_fuente,1,Qwen2.5-7B-Instruct,1,0
SMP-SEGURIDAD-POS,SEGURIDAD,codigo_fuente,1,Qwen2.5-7B-Instruct,2,0
SMP-SEGURIDAD-POS,SEGURIDAD,codigo_fuente,1,Qwen2.5-7B-Instruct,3,0
SMP-SEGURIDAD-POS,SEGURIDAD,codigo_fuente,1,Qwen2.5-7B-Instruct,4,0
SMP-SEGURIDAD-POS,SEGURIDAD,codigo_fuente,1,Qwen2.5-7B-Instruct,5,0
SMP-SEGURIDAD-POS,SEGURIDAD,codigo_fuente,1,Qwen2.5-7B-Instruct,6,0
SMP-SEGURIDAD-POS,SEGURIDAD,codigo_fuente,1,Qwen2.5-7B-Instruct,7,0
SMP-SEGURIDAD-POS,SEGURIDAD,codigo_fuente,1,Qwen2.5-7B-Instruct,8,0
SMP-SEGURIDAD-POS,SEGURIDAD,codigo_fuente,1,Phi-3.5-mini-instruct,1,0
SMP-SEGURIDAD-POS,SEGURIDAD,codigo_fuente,1,Phi-3.5-mini-instruct,2,0
SMP-SEGURIDAD-POS,SEGURIDAD,codigo_fuente,1,Phi-3.5-mini-instruct,3,0
SMP-SEGURIDAD-POS,SEGURIDAD,codigo_fuente,1,Phi-3.5-mini-instruct,4,1
SMP-SEGURIDAD-POS,SEGURIDAD,codigo_fuente,1,Phi-3.5-mini-instruct,5,0
SMP-SEGURIDAD-POS,SEGURIDAD,codigo_fuente,1,Phi-3.5-mini-instruct,6,1
SMP-SEGURIDAD-POS,SEGURIDAD,codigo_fuente,1,Phi-3.5-mini-instruct,7,1
SMP-SEGURIDAD-POS,SEGURIDAD,codigo_fuente,1,Phi-3.5-mini-instruct,8,1
SMP-TRAZABILIDAD-NEG,TRAZABILIDAD,codigo_fuente,0,regex_baseline,,0
SMP-TRAZABILIDAD-NEG,TRAZABILIDAD,codigo_fuente,0,Gemma-2-9B-it,1,0
SMP-TRAZABILIDAD-NEG,TRAZABILIDAD,codigo_fuente,0,Gemma-2-9B-it,2,0
SMP-TRAZABILIDAD-NEG,TRAZABILIDAD,codigo_fuente,0,Gemma-2-9B-it,3,0
SMP-TRAZABILIDAD-NEG,TRAZABILIDAD,codigo_fuente,0,Gemma-2-9B-it,4,0
SMP-TRAZABILIDAD-NEG,TRAZABILIDAD,codigo_fuente,0,Gemma-2-9B-it,5,0
SMP-TRAZABILIDAD-NEG,TRAZABILIDAD,codigo_fuente,0,Gemma-2-9B-it,6,0
SMP-TRAZABILIDAD-NEG,TRAZABILIDAD,codigo_fuente,0,Gemma-2-9B-it,7,0
SMP-TRAZABILIDAD-NEG,TRAZABILIDAD,codigo_fuente,0,Gemma-2-9B-it,8,0
SMP-TRAZABILIDAD-NEG,TRAZABILIDAD,codigo_fuente,0,Mistral-7B-Instruct-v0.2,1,0
SMP-TRAZABILIDAD-NEG,TRAZABILIDAD,codigo_fuente,0,Mistral-7B-Instruct-v0.2,2,0
SMP-TRAZABILIDAD-NEG,TRAZABILIDAD,codigo_fuente,0,Mistral-7B-Instruct-v0.2,3,0
SMP-TRAZABILIDAD-NEG,TRAZABILIDAD,codigo_fuente,0,Mistral-7B-Instruct-v0.2,4,0
SMP-TRAZABILIDAD-NEG,TRAZABILIDAD,codigo_fuente,0,Mistral-7B-Instruct-v0.2,5,0
SMP-TRAZABILIDAD-NEG,TRAZABILIDAD,codigo_fuente,0,Mistral-7B-Instruct-v0.2,6,0
SMP-TRAZABILIDAD-NEG,TRAZABILIDAD,codigo_fuente,0,Mistral-7B-Instruct-v0.2,7,0
SMP-TRAZABILIDAD-NEG,TRAZABILIDAD,codigo_fuente,0,Mistral-7B-Instruct-v0.2,8,0
SMP-TRAZABILIDAD-NEG,TRAZABILIDAD,codigo_fuente,0,Qwen2.5-7B-Instruct,1,0
SMP-TRAZABILIDAD-NEG,TRAZABILIDAD,codigo_fuente,0,Qwen2.5-7B-Instruct,2,0
SMP-TRAZABILIDAD-NEG,TRAZABILIDAD,codigo_fuente,0,Qwen2.5-7B-Instruct,3,0
SMP-TRAZABILIDAD-NEG,TRAZABILIDAD,codigo_fuente,0,Qwen2.5-7B-Instruct,4,0
SMP-TRAZABILIDAD-NEG,TRAZABILIDAD,codigo_fuente,0,Qwen2.5-7B-Instruct,5,0
SMP-TRAZABILIDAD-NEG,TRAZABILIDAD,codigo_fuente,0,Qwen2.5-7B-Instruct,6,0
SMP-TRAZABILIDAD-NEG,TRAZABILIDAD,codigo_fuente,0,Qwen2.5-7B-Instruct,7,0
SMP-TRAZABILIDAD-NEG,TRAZABILIDAD,codigo_fuente,0,Qwen2.5-7B-Instruct,8,0
SMP-TRAZABILIDAD-NEG,TRAZABILIDAD,codigo_fuente,0,Phi-3.5-mini-instruct,1,0
SMP-TRAZABILIDAD-NEG,TRAZABILIDAD,codigo_fuente,0,Phi-3.5-mini-instruct,2,0
SMP-TRAZABILIDAD-NEG,TRAZABILIDAD,codigo_fuente,0,Phi-3.5-mini-instruct,3,0
SMP-TRAZABILIDAD-NEG,TRAZABILIDAD,codigo_fuente,0,Phi-3.5-mini-instruct,4,1
SMP-TRAZABILIDAD-NEG,TRAZABILIDAD,codigo_fuente,0,Phi-3.5-mini-instruct,5,0
SMP-TRAZABILIDAD-NEG,TRAZABILIDAD,codigo_fuente,0,Phi-3.5-mini-instruct,6,0
SMP-TRAZABILIDAD-NEG,TRAZABILIDAD,codigo_fuente,0,Phi-3.5-mini-instruct,7,1
SMP-TRAZABILIDAD-NEG,TRAZABILIDAD,codigo_fuente,0,Phi-3.5-mini-instruct,8,0
SMP-TRAZABILIDAD-POS,TRAZABILIDAD,codigo_fuente,1,regex_baseline,,1
SMP-TRAZABILIDAD-POS,TRAZABILIDAD,codigo_fuente,1,Gemma-2-9B-it,1,1
SMP-TRAZABILIDAD-POS,TRAZABILIDAD,codigo_fuente,1,Gemma-2-9B-it,2,1
SMP-TRAZABILIDAD-POS,TRAZABILIDAD,codigo_fuente,1,Gemma-2-9B-it,3,0
SMP-TRAZABILIDAD-POS,TRAZABILIDAD,codigo_fuente,1,Gemma-2-9B-it,4,1
SMP-TRAZABILIDAD-POS,TRAZABILIDAD,codigo_fuente,1,Gemma-2-9B-it,5,0
SMP-TRAZABILIDAD-POS,TRAZABILIDAD,codigo_fuente,1,Gemma-2-9B-it,6,1
SMP-TRAZABILIDAD-POS,TRAZABILIDAD,codigo_fuente,1,Gemma-2-9B-it,7,0
SMP-TRAZABILIDAD-POS,TRAZABILIDAD,codigo_fuente,1,Gemma-2-9B-it,8,1
SMP-TRAZABILIDAD-POS,TRAZABILIDAD,codigo_fuente,1,Mistral-7B-Instruct-v0.2,1,1
SMP-TRAZABILIDAD-POS,TRAZABILIDAD,codigo_fuente,1,Mistral-7B-Instruct-v0.2,2,0
SMP-TRAZABILIDAD-POS,TRAZABILIDAD,codigo_fuente,1,Mistral-7B-Instruct-v0.2,3,0
SMP-TRAZABILIDAD-POS,TRAZABILIDAD,codigo_fuente,1,Mistral-7B-Instruct-v0.2,4,0
SMP-TRAZABILIDAD-POS,TRAZABILIDAD,codigo_fuente,1,Mistral-7B-Instruct-v0.2,5,0
SMP-TRAZABILIDAD-POS,TRAZABILIDAD,codigo_fuente,1,Mistral-7B-Instruct-v0.2,6,0
SMP-TRAZABILIDAD-POS,TRAZABILIDAD,codigo_fuente,1,Mistral-7B-Instruct-v0.2,7,0
SMP-TRAZABILIDAD-POS,TRAZABILIDAD,codigo_fuente,1,Mistral-7B-Instruct-v0.2,8,0
SMP-TRAZABILIDAD-POS,TRAZABILIDAD,codigo_fuente,1,Qwen2.5-7B-Instruct,1,0
SMP-TRAZABILIDAD-POS,TRAZABILIDAD,codigo_fuente,1,Qwen2.5-7B-Instruct,2,1
SMP-TRAZABILIDAD-POS,TRAZABILIDAD,codigo_fuente,1,Qwen2.5-7B-Instruct,3,0
SMP-TRAZABILIDAD-POS,TRAZABILIDAD,codigo_fuente,1,Qwen2.5-7B-Instruct,4,1
SMP-TRAZABILIDAD-POS,TRAZABILIDAD,codigo_fuente,1,Qwen2.5-7B-Instruct,5,1
SMP-TRAZABILIDAD-POS,TRAZABILIDAD,codigo_fuente,1,Qwen2.5-7B-Instruct,6,1
SMP-TRAZABILIDAD-POS,TRAZABILIDAD,codigo_fuente,1,Qwen2.5-7B-Instruct,7,0
SMP-TRAZABILIDAD-POS,TRAZABILIDAD,codigo_fuente,1,Qwen2.5-7B-Instruct,8,1
SMP-TRAZABILIDAD-POS,TRAZABILIDAD,codigo_fuente,1,Phi-3.5-mini-instruct,1,1
SMP-TRAZABILIDAD-POS,TRAZABILIDAD,codigo_fuente,1,Phi-3.5-mini-instruct,2,0
SMP-TRAZABILIDAD-POS,TRAZABILIDAD,codigo_fuente,1,Phi-3.5-mini-instruct,3,1
SMP-TRAZABILIDAD-POS,TRAZABILIDAD,codigo_fuente,1,Phi-3.5-mini-instruct,4,1
SMP-TRAZABILIDAD-POS,TRAZABILIDAD,codigo_fuente,1,Phi-3.5-mini-instruct,5,0
SMP-TRAZABILIDAD-POS,TRAZABILIDAD,codigo_fuente,1,Phi-3.5-mini-instruct,6,1
SMP-TRAZABILIDAD-POS,TRAZABILIDAD,codigo_fuente,1,Phi-3.5-mini-instruct,7,1
SMP-TRAZABILIDAD-POS,TRAZABILIDAD,codigo_fuente,1,Phi-3.5-mini-instruct,8,1
SMP-TRAZABILIDAD-POS,TRAZABILIDAD,codigo_fuente,1,regex_baseline,,1
SMP-TRAZABILIDAD-POS,TRAZABILIDAD,codigo_fuente,1,Gemma-2-9B-it,1,1
SMP-TRAZABILIDAD-POS,TRAZABILIDAD,codigo_fuente,1,Gemma-2-9B-it,2,1
SMP-TRAZABILIDAD-POS,TRAZABILIDAD,codigo_fuente,1,Gemma-2-9B-it,3,1
SMP-TRAZABILIDAD-POS,TRAZABILIDAD,codigo_fuente,1,Gemma-2-9B-it,4,1
SMP-TRAZABILIDAD-POS,TRAZABILIDAD,codigo_fuente,1,Gemma-2-9B-it,5,1
SMP-TRAZABILIDAD-POS,TRAZABILIDAD,codigo_fuente,1,Gemma-2-9B-it,6,1
SMP-TRAZABILIDAD-POS,TRAZABILIDAD,codigo_fuente,1,Gemma-2-9B-it,7,1
SMP-TRAZABILIDAD-POS,TRAZABILIDAD,codigo_fuente,1,Gemma-2-9B-it,8,1
SMP-TRAZABILIDAD-POS,TRAZABILIDAD,codigo_fuente,1,Mistral-7B-Instruct-v0.2,1,1
SMP-TRAZABILIDAD-POS,TRAZABILIDAD,codigo_fuente,1,Mistral-7B-Instruct-v0.2,2,1
SMP-TRAZABILIDAD-POS,TRAZABILIDAD,codigo_fuente,1,Mistral-7B-Instruct-v0.2,3,1
SMP-TRAZABILIDAD-POS,TRAZABILIDAD,codigo_fuente,1,Mistral-7B-Instruct-v0.2,4,0
SMP-TRAZABILIDAD-POS,TRAZABILIDAD,codigo_fuente,1,Mistral-7B-Instruct-v0.2,5,1
SMP-TRAZABILIDAD-POS,TRAZABILIDAD,codigo_fuente,1,Mistral-7B-Instruct-v0.2,6,1
SMP-TRAZABILIDAD-POS,TRAZABILIDAD,codigo_fuente,1,Mistral-7B-Instruct-v0.2,7,1
SMP-TRAZABILIDAD-POS,TRAZABILIDAD,codigo_fuente,1,Mistral-7B-Instruct-v0.2,8,1
SMP-TRAZABILIDAD-POS,TRAZABILIDAD,codigo_fuente,1,Qwen2.5-7B-Instruct,1,1
SMP-TRAZABILIDAD-POS,TRAZABILIDAD,codigo_fuente,1,Qwen2.5-7B-Instruct,2,1
SMP-TRAZABILIDAD-POS,TRAZABILIDAD,codigo_fuente,1,Qwen2.5-7B-Instruct,3,1
SMP-TRAZABILIDAD-POS,TRAZABILIDAD,codigo_fuente,1,Qwen2.5-7B-Instruct,4,1
SMP-TRAZABILIDAD-POS,TRAZABILIDAD,codigo_fuente,1,Qwen2.5-7B-Instruct,5,1
SMP-TRAZABILIDAD-POS,TRAZABILIDAD,codigo_fuente,1,Qwen2.5-7B-Instruct,6,1
SMP-TRAZABILIDAD-POS,TRAZABILIDAD,codigo_fuente,1,Qwen2.5-7B-Instruct,7,1
SMP-TRAZABILIDAD-POS,TRAZABILIDAD,codigo_fuente,1,Qwen2.5-7B-Instruct,8,1
SMP-TRAZABILIDAD-POS,TRAZABILIDAD,codigo_fuente,1,Phi-3.5-mini-instruct,1,1
SMP-TRAZABILIDAD-POS,TRAZABILIDAD,codigo_fuente,1,Phi-3.5-mini-instruct,2,0
SMP-TRAZABILIDAD-POS,TRAZABILIDAD,codigo_fuente,1,Phi-3.5-mini-instruct,3,0
SMP-TRAZABILIDAD-POS,TRAZABILIDAD,codigo_fuente,1,Phi-3.5-mini-instruct,4,1
SMP-TRAZABILIDAD-POS,TRAZABILIDAD,codigo_fuente,1,Phi-3.5-mini-instruct,5,1
SMP-TRAZABILIDAD-POS,TRAZABILIDAD,codigo_fuente,1,Phi-3.5-mini-instruct,6,1
SMP-TRAZABILIDAD-POS,TRAZABILIDAD,codigo_fuente,1,Phi-3.5-mini-instruct,7,1
SMP-TRAZABILIDAD-POS,TRAZABILIDAD,codigo_fuente,1,Phi-3.5-mini-instruct,8,1
SMP-PRUEBAS-NEG,PRUEBAS,codigo_fuente,0,regex_baseline,,0
SMP-PRUEBAS-NEG,PRUEBAS,codigo_fuente,0,Gemma-2-9B-it,1,1
SMP-PRUEBAS-NEG,PRUEBAS,codigo_fuente,0,Gemma-2-9B-it,2,0
SMP-PRUEBAS-NEG,PRUEBAS,codigo_fuente,0,Gemma-2-9B-it,3,0
SMP-PRUEBAS-NEG,PRUEBAS,codigo_fuente,0,Gemma-2-9B-it,4,1
SMP-PRUEBAS-NEG,PRUEBAS,codigo_fuente,0,Gemma-2-9B-it,5,0
SMP-PRUEBAS-NEG,PRUEBAS,codigo_fuente,0,Gemma-2-9B-it,6,1
SMP-PRUEBAS-NEG,PRUEBAS,codigo_fuente,0,Gemma-2-9B-it,7,0
SMP-PRUEBAS-NEG,PRUEBAS,codigo_fuente,0,Gemma-2-9B-it,8,1
SMP-PRUEBAS-NEG,PRUEBAS,codigo_fuente,0,Mistral-7B-Instruct-v0.2,1,1
SMP-PRUEBAS-NEG,PRUEBAS,codigo_fuente,0,Mistral-7B-Instruct-v0.2,2,1
SMP-PRUEBAS-NEG,PRUEBAS,codigo_fuente,0,Mistral-7B-Instruct-v0.2,3,0
SMP-PRUEBAS-NEG,PRUEBAS,codigo_fuente,0,Mistral-7B-Instruct-v0.2,4,1
SMP-PRUEBAS-NEG,PRUEBAS,codigo_fuente,0,Mistral-7B-Instruct-v0.2,5,1
SMP-PRUEBAS-NEG,PRUEBAS,codigo_fuente,0,Mistral-7B-Instruct-v0.2,6,0
SMP-PRUEBAS-NEG,PRUEBAS,codigo_fuente,0,Mistral-7B-Instruct-v0.2,7,0
SMP-PRUEBAS-NEG,PRUEBAS,codigo_fuente,0,Mistral-7B-Instruct-v0.2,8,1
SMP-PRUEBAS-NEG,PRUEBAS,codigo_fuente,0,Qwen2.5-7B-Instruct,1,0
SMP-PRUEBAS-NEG,PRUEBAS,codigo_fuente,0,Qwen2.5-7B-Instruct,2,0
SMP-PRUEBAS-NEG,PRUEBAS,codigo_fuente,0,Qwen2.5-7B-Instruct,3,0
SMP-PRUEBAS-NEG,PRUEBAS,codigo_fuente,0,Qwen2.5-7B-Instruct,4,1
SMP-PRUEBAS-NEG,PRUEBAS,codigo_fuente,0,Qwen2.5-7B-Instruct,5,0
SMP-PRUEBAS-NEG,PRUEBAS,codigo_fuente,0,Qwen2.5-7B-Instruct,6,0
SMP-PRUEBAS-NEG,PRUEBAS,codigo_fuente,0,Qwen2.5-7B-Instruct,7,1
SMP-PRUEBAS-NEG,PRUEBAS,codigo_fuente,0,Qwen2.5-7B-Instruct,8,0
SMP-PRUEBAS-NEG,PRUEBAS,codigo_fuente,0,Phi-3.5-mini-instruct,1,1
SMP-PRUEBAS-NEG,PRUEBAS,codigo_fuente,0,Phi-3.5-mini-instruct,2,1
SMP-PRUEBAS-NEG,PRUEBAS,codigo_fuente,0,Phi-3.5-mini-instruct,3,0
SMP-PRUEBAS-NEG,PRUEBAS,codigo_fuente,0,Phi-3.5-mini-instruct,4,1
SMP-PRUEBAS-NEG,PRUEBAS,codigo_fuente,0,Phi-3.5-mini-instruct,5,0
SMP-PRUEBAS-NEG,PRUEBAS,codigo_fuente,0,Phi-3.5-mini-instruct,6,1
SMP-PRUEBAS-NEG,PRUEBAS,codigo_fuente,0,Phi-3.5-mini-instruct,7,1
SMP-PRUEBAS-NEG,PRUEBAS,codigo_fuente,0,Phi-3.5-mini-instruct,8,1
SMP-PRUEBAS-POS,PRUEBAS,codigo_fuente,1,regex_baseline,,1
SMP-PRUEBAS-POS,PRUEBAS,codigo_fuente,1,Gemma-2-9B-it,1,0
SMP-PRUEBAS-POS,PRUEBAS,codigo_fuente,1,Gemma-2-9B-it,2,0
SMP-PRUEBAS-POS,PRUEBAS,codigo_fuente,1,Gemma-2-9B-it,3,0
SMP-PRUEBAS-POS,PRUEBAS,codigo_fuente,1,Gemma-2-9B-it,4,0
SMP-PRUEBAS-POS,PRUEBAS,codigo_fuente,1,Gemma-2-9B-it,5,1
SMP-PRUEBAS-POS,PRUEBAS,codigo_fuente,1,Gemma-2-9B-it,6,1
SMP-PRUEBAS-POS,PRUEBAS,codigo_fuente,1,Gemma-2-9B-it,7,1
SMP-PRUEBAS-POS,PRUEBAS,codigo_fuente,1,Gemma-2-9B-it,8,1
SMP-PRUEBAS-POS,PRUEBAS,codigo_fuente,1,Mistral-7B-Instruct-v0.2,1,0
SMP-PRUEBAS-POS,PRUEBAS,codigo_fuente,1,Mistral-7B-Instruct-v0.2,2,1
SMP-PRUEBAS-POS,PRUEBAS,codigo_fuente,1,Mistral-7B-Instruct-v0.2,3,0
SMP-PRUEBAS-POS,PRUEBAS,codigo_fuente,1,Mistral-7B-Instruct-v0.2,4,0
SMP-PRUEBAS-POS,PRUEBAS,codigo_fuente,1,Mistral-7B-Instruct-v0.2,5,1
SMP-PRUEBAS-POS,PRUEBAS,codigo_fuente,1,Mistral-7B-Instruct-v0.2,6,1
SMP-PRUEBAS-POS,PRUEBAS,codigo_fuente,1,Mistral-7B-Instruct-v0.2,7,1
SMP-PRUEBAS-POS,PRUEBAS,codigo_fuente,1,Mistral-7B-Instruct-v0.2,8,1
SMP-PRUEBAS-POS,PRUEBAS,codigo_fuente,1,Qwen2.5-7B-Instruct,1,0
SMP-PRUEBAS-POS,PRUEBAS,codigo_fuente,1,Qwen2.5-7B-Instruct,2,1
SMP-PRUEBAS-POS,PRUEBAS,codigo_fuente,1,Qwen2.5-7B-Instruct,3,0
SMP-PRUEBAS-POS,PRUEBAS,codigo_fuente,1,Qwen2.5-7B-Instruct,4,0
SMP-PRUEBAS-POS,PRUEBAS,codigo_fuente,1,Qwen2.5-7B-Instruct,5,0
SMP-PRUEBAS-POS,PRUEBAS,codigo_fuente,1,Qwen2.5-7B-Instruct,6,1
SMP-PRUEBAS-POS,PRUEBAS,codigo_fuente,1,Qwen2.5-7B-Instruct,7,0
SMP-PRUEBAS-POS,PRUEBAS,codigo_fuente,1,Qwen2.5-7B-Instruct,8,0
SMP-PRUEBAS-POS,PRUEBAS,codigo_fuente,1,Phi-3.5-mini-instruct,1,0
SMP-PRUEBAS-POS,PRUEBAS,codigo_fuente,1,Phi-3.5-mini-instruct,2,1
SMP-PRUEBAS-POS,PRUEBAS,codigo_fuente,1,Phi-3.5-mini-instruct,3,1
SMP-PRUEBAS-POS,PRUEBAS,codigo_fuente,1,Phi-3.5-mini-instruct,4,1
SMP-PRUEBAS-POS,PRUEBAS,codigo_fuente,1,Phi-3.5-mini-instruct,5,1
SMP-PRUEBAS-POS,PRUEBAS,codigo_fuente,1,Phi-3.5-mini-instruct,6,1
SMP-PRUEBAS-POS,PRUEBAS,codigo_fuente,1,Phi-3.5-mini-instruct,7,1
SMP-PRUEBAS-POS,PRUEBAS,codigo_fuente,1,Phi-3.5-mini-instruct,8,1
SMP-RESPALDO-NEG,RESPALDO,pipeline_ci,0,regex_baseline,,0
SMP-RESPALDO-NEG,RESPALDO,pipeline_ci,0,Gemma-2-9B-it,1,0
SMP-RESPALDO-NEG,RESPALDO,pipeline_ci,0,Gemma-2-9B-it,2,0
SMP-RESPALDO-NEG,RESPALDO,pipeline_ci,0,Gemma-2-9B-it,3,0
SMP-RESPALDO-NEG,RESPALDO,pipeline_ci,0,Gemma-2-9B-it,4,0
SMP-RESPALDO-NEG,RESPALDO,pipeline_ci,0,Gemma-2-9B-it,5,0
SMP-RESPALDO-NEG,RESPALDO,pipeline_ci,0,Gemma-2-9B-it,6,0
SMP-RESPALDO-NEG,RESPALDO,pipeline_ci,0,Gemma-2-9B-it,7,0
SMP-RESPALDO-NEG,RESPALDO,pipeline_ci,0,Gemma-2-9B-it,8,0
SMP-RESPALDO-NEG,RESPALDO,pipeline_ci,0,Mistral-7B-Instruct-v0.2,1,0
SMP-RESPALDO-NEG,RESPALDO,pipeline_ci,0,Mistral-7B-Instruct-v0.2,2,0
SMP-RESPALDO-NEG,RESPALDO,pipeline_ci,0,Mistral-7B-Instruct-v0.2,3,0
SMP-RESPALDO-NEG,RESPALDO,pipeline_ci,0,Mistral-7B-Instruct-v0.2,4,0
SMP-RESPALDO-NEG,RESPALDO,pipeline_ci,0,Mistral-7B-Instruct-v0.2,5,0
SMP-RESPALDO-NEG,RESPALDO,pipeline_ci,0,Mistral-7B-Instruct-v0.2,6,0
SMP-RESPALDO-NEG,RESPALDO,pipeline_ci,0,Mistral-7B-Instruct-v0.2,7,0
SMP-RESPALDO-NEG,RESPALDO,pipeline_ci,0,Mistral-7B-Instruct-v0.2,8,0
SMP-RESPALDO-NEG,RESPALDO,pipeline_ci,0,Qwen2.5-7B-Instruct,1,0
SMP-RESPALDO-NEG,RESPALDO,pipeline_ci,0,Qwen2.5-7B-Instruct,2,0
SMP-RESPALDO-NEG,RESPALDO,pipeline_ci,0,Qwen2.5-7B-Instruct,3,0
SMP-RESPALDO-NEG,RESPALDO,pipeline_ci,0,Qwen2.5-7B-Instruct,4,0
SMP-RESPALDO-NEG,RESPALDO,pipeline_ci,0,Qwen2.5-7B-Instruct,5,0
SMP-RESPALDO-NEG,RESPALDO,pipeline_ci,0,Qwen2.5-7B-Instruct,6,0
SMP-RESPALDO-NEG,RESPALDO,pipeline_ci,0,Qwen2.5-7B-Instruct,7,0
SMP-RESPALDO-NEG,RESPALDO,pipeline_ci,0,Qwen2.5-7B-Instruct,8,0
SMP-RESPALDO-NEG,RESPALDO,pipeline_ci,0,Phi-3.5-mini-instruct,1,0
SMP-RESPALDO-NEG,RESPALDO,pipeline_ci,0,Phi-3.5-mini-instruct,2,0
SMP-RESPALDO-NEG,RESPALDO,pipeline_ci,0,Phi-3.5-mini-instruct,3,0
SMP-RESPALDO-NEG,RESPALDO,pipeline_ci,0,Phi-3.5-mini-instruct,4,0
SMP-RESPALDO-NEG,RESPALDO,pipeline_ci,0,Phi-3.5-mini-instruct,5,0
SMP-RESPALDO-NEG,RESPALDO,pipeline_ci,0,Phi-3.5-mini-instruct,6,0
SMP-RESPALDO-NEG,RESPALDO,pipeline_ci,0,Phi-3.5-mini-instruct,7,0
SMP-RESPALDO-NEG,RESPALDO,pipeline_ci,0,Phi-3.5-mini-instruct,8,0
SMP-RESPALDO-POS,RESPALDO,pipeline_ci,1,regex_baseline,,1
SMP-RESPALDO-POS,RESPALDO,pipeline_ci,1,Gemma-2-9B-it,1,1
SMP-RESPALDO-POS,RESPALDO,pipeline_ci,1,Gemma-2-9B-it,2,0
SMP-RESPALDO-POS,RESPALDO,pipeline_ci,1,Gemma-2-9B-it,3,1
SMP-RESPALDO-POS,RESPALDO,pipeline_ci,1,Gemma-2-9B-it,4,1
SMP-RESPALDO-POS,RESPALDO,pipeline_ci,1,Gemma-2-9B-it,5,1
SMP-RESPALDO-POS,RESPALDO,pipeline_ci,1,Gemma-2-9B-it,6,1
SMP-RESPALDO-POS,RESPALDO,pipeline_ci,1,Gemma-2-9B-it,7,1
SMP-RESPALDO-POS,RESPALDO,pipeline_ci,1,Gemma-2-9B-it,8,1
SMP-RESPALDO-POS,RESPALDO,pipeline_ci,1,Mistral-7B-Instruct-v0.2,1,1
SMP-RESPALDO-POS,RESPALDO,pipeline_ci,1,Mistral-7B-Instruct-v0.2,2,1
SMP-RESPALDO-POS,RESPALDO,pipeline_ci,1,Mistral-7B-Instruct-v0.2,3,1
SMP-RESPALDO-POS,RESPALDO,pipeline_ci,1,Mistral-7B-Instruct-v0.2,4,1
SMP-RESPALDO-POS,RESPALDO,pipeline_ci,1,Mistral-7B-Instruct-v0.2,5,1
SMP-RESPALDO-POS,RESPALDO,pipeline_ci,1,Mistral-7B-Instruct-v0.2,6,1
SMP-RESPALDO-POS,RESPALDO,pipeline_ci,1,Mistral-7B-Instruct-v0.2,7,1
SMP-RESPALDO-POS,RESPALDO,pipeline_ci,1,Mistral-7B-Instruct-v0.2,8,1
SMP-RESPALDO-POS,RESPALDO,pipeline_ci,1,Qwen2.5-7B-Instruct,1,1
SMP-RESPALDO-POS,RESPALDO,pipeline_ci,1,Qwen2.5-7B-Instruct,2,1
SMP-RESPALDO-POS,RESPALDO,pipeline_ci,1,Qwen2.5-7B-Instruct,3,1
SMP-RESPALDO-POS,RESPALDO,pipeline_ci,1,Qwen2.5-7B-Instruct,4,1
SMP-RESPALDO-POS,RESPALDO,pipeline_ci,1,Qwen2.5-7B-Instruct,5,1
SMP-RESPALDO-POS,RESPALDO,pipeline_ci,1,Qwen2.5-7B-Instruct,6,1
SMP-RESPALDO-POS,RESPALDO,pipeline_ci,1,Qwen2.5-7B-Instruct,7,1
SMP-RESPALDO-POS,RESPALDO,pipeline_ci,1,Qwen2.5-7B-Instruct,8,1
SMP-RESPALDO-POS,RESPALDO,pipeline_ci,1,Phi-3.5-mini-instruct,1,1
SMP-RESPALDO-POS,RESPALDO,pipeline_ci,1,Phi-3.5-mini-instruct,2,0
SMP-RESPALDO-POS,RESPALDO,pipeline_ci,1,Phi-3.5-mini-instruct,3,1
SMP-RESPALDO-POS,RESPALDO,pipeline_ci,1,Phi-3.5-mini-instruct,4,1
SMP-RESPALDO-POS,RESPALDO,pipeline_ci,1,Phi-3.5-mini-instruct,5,1
SMP-RESPALDO-POS,RESPALDO,pipeline_ci,1,Phi-3.5-mini-instruct,6,1
SMP-RESPALDO-POS,RESPALDO,pipeline_ci,1,Phi-3.5-mini-instruct,7,1
SMP-RESPALDO-POS,RESPALDO,pipeline_ci,1,Phi-3.5-mini-instruct,8,1
SMP-ACUERDOS-NEG,ACUERDOS,documento_texto,0,regex_baseline,,0
SMP-ACUERDOS-NEG,ACUERDOS,documento_texto,0,Gemma-2-9B-it,1,1
SMP-ACUERDOS-NEG,ACUERDOS,documento_texto,0,Gemma-2-9B-it,2,0
SMP-ACUERDOS-NEG,ACUERDOS,documento_texto,0,Gemma-2-9B-it,3,0
SMP-ACUERDOS-NEG,ACUERDOS,documento_texto,0,Gemma-2-9B-it,4,1
SMP-ACUERDOS-NEG,ACUERDOS,documento_texto,0,Gemma-2-9B-it,5,0
SMP-ACUERDOS-NEG,ACUERDOS,documento_texto,0,Gemma-2-9B-it,6,0
SMP-ACUERDOS-NEG,ACUERDOS,documento_texto,0,Gemma-2-9B-it,7,0
SMP-ACUERDOS-NEG,ACUERDOS,documento_texto,0,Gemma-2-9B-it,8,0
SMP-ACUERDOS-NEG,ACUERDOS,documento_texto,0,Mistral-7B-Instruct-v0.2,1,1
SMP-ACUERDOS-NEG,ACUERDOS,documento_texto,0,Mistral-7B-Instruct-v0.2,2,0
SMP-ACUERDOS-NEG,ACUERDOS,documento_texto,0,Mistral-7B-Instruct-v0.2,3,0
SMP-ACUERDOS-NEG,ACUERDOS,documento_texto,0,Mistral-7B-Instruct-v0.2,4,1
SMP-ACUERDOS-NEG,ACUERDOS,documento_texto,0,Mistral-7B-Instruct-v0.2,5,0
SMP-ACUERDOS-NEG,ACUERDOS,documento_texto,0,Mistral-7B-Instruct-v0.2,6,0
SMP-ACUERDOS-NEG,ACUERDOS,documento_texto,0,Mistral-7B-Instruct-v0.2,7,1
SMP-ACUERDOS-NEG,ACUERDOS,documento_texto,0,Mistral-7B-Instruct-v0.2,8,1
SMP-ACUERDOS-NEG,ACUERDOS,documento_texto,0,Qwen2.5-7B-Instruct,1,1
SMP-ACUERDOS-NEG,ACUERDOS,documento_texto,0,Qwen2.5-7B-Instruct,2,0
SMP-ACUERDOS-NEG,ACUERDOS,documento_texto,0,Qwen2.5-7B-Instruct,3,0
SMP-ACUERDOS-NEG,ACUERDOS,documento_texto,0,Qwen2.5-7B-Instruct,4,1
SMP-ACUERDOS-NEG,ACUERDOS,documento_texto,0,Qwen2.5-7B-Instruct,5,0
SMP-ACUERDOS-NEG,ACUERDOS,documento_texto,0,Qwen2.5-7B-Instruct,6,0
SMP-ACUERDOS-NEG,ACUERDOS,documento_texto,0,Qwen2.5-7B-Instruct,7,0
SMP-ACUERDOS-NEG,ACUERDOS,documento_texto,0,Qwen2.5-7B-Instruct,8,0
SMP-ACUERDOS-NEG,ACUERDOS,documento_texto,0,Phi-3.5-mini-instruct,1,1
SMP-ACUERDOS-NEG,ACUERDOS,documento_texto,0,Phi-3.5-mini-instruct,2,0
SMP-ACUERDOS-NEG,ACUERDOS,documento_texto,0,Phi-3.5-mini-instruct,3,0
SMP-ACUERDOS-NEG,ACUERDOS,documento_texto,0,Phi-3.5-mini-instruct,4,1
SMP-ACUERDOS-NEG,ACUERDOS,documento_texto,0,Phi-3.5-mini-instruct,5,0
SMP-ACUERDOS-NEG,ACUERDOS,documento_texto,0,Phi-3.5-mini-instruct,6,0
SMP-ACUERDOS-NEG,ACUERDOS,documento_texto,0,Phi-3.5-mini-instruct,7,1
SMP-ACUERDOS-NEG,ACUERDOS,documento_texto,0,Phi-3.5-mini-instruct,8,1
SMP-ACUERDOS-POS,ACUERDOS,documento_texto,1,regex_baseline,,1
SMP-ACUERDOS-POS,ACUERDOS,documento_texto,1,Gemma-2-9B-it,1,1
SMP-ACUERDOS-POS,ACUERDOS,documento_texto,1,Gemma-2-9B-it,2,1
SMP-ACUERDOS-POS,ACUERDOS,documento_texto,1,Gemma-2-9B-it,3,1
SMP-ACUERDOS-POS,ACUERDOS,documento_texto,1,Gemma-2-9B-it,4,1
SMP-ACUERDOS-POS,ACUERDOS,documento_texto,1,Gemma-2-9B-it,5,1
SMP-ACUERDOS-POS,ACUERDOS,documento_texto,1,Gemma-2-9B-it,6,1
SMP-ACUERDOS-POS,ACUERDOS,documento_texto,1,Gemma-2-9B-it,7,1
SMP-ACUERDOS-POS,ACUERDOS,documento_texto,1,Gemma-2-9B-it,8,1
SMP-ACUERDOS-POS,ACUERDOS,documento_texto,1,Mistral-7B-Instruct-v0.2,1,1
SMP-ACUERDOS-POS,ACUERDOS,documento_texto,1,Mistral-7B-Instruct-v0.2,2,1
SMP-ACUERDOS-POS,ACUERDOS,documento_texto,1,Mistral-7B-Instruct-v0.2,3,1
SMP-ACUERDOS-POS,ACUERDOS,documento_texto,1,Mistral-7B-Instruct-v0.2,4,1
SMP-ACUERDOS-POS,ACUERDOS,documento_texto,1,Mistral-7B-Instruct-v0.2,5,1
SMP-ACUERDOS-POS,ACUERDOS,documento_texto,1,Mistral-7B-Instruct-v0.2,6,1
SMP-ACUERDOS-POS,ACUERDOS,documento_texto,1,Mistral-7B-Instruct-v0.2,7,1
SMP-ACUERDOS-POS,ACUERDOS,documento_texto,1,Mistral-7B-Instruct-v0.2,8,1
SMP-ACUERDOS-POS,ACUERDOS,documento_texto,1,Qwen2.5-7B-Instruct,1,1
SMP-ACUERDOS-POS,ACUERDOS,documento_texto,1,Qwen2.5-7B-Instruct,2,1
SMP-ACUERDOS-POS,ACUERDOS,documento_texto,1,Qwen2.5-7B-Instruct,3,1
SMP-ACUERDOS-POS,ACUERDOS,documento_texto,1,Qwen2.5-7B-Instruct,4,1
SMP-ACUERDOS-POS,ACUERDOS,documento_texto,1,Qwen2.5-7B-Instruct,5,1
SMP-ACUERDOS-POS,ACUERDOS,documento_texto,1,Qwen2.5-7B-Instruct,6,1
SMP-ACUERDOS-POS,ACUERDOS,documento_texto,1,Qwen2.5-7B-Instruct,7,1
SMP-ACUERDOS-POS,ACUERDOS,documento_texto,1,Qwen2.5-7B-Instruct,8,1
SMP-ACUERDOS-POS,ACUERDOS,documento_texto,1,Phi-3.5-mini-instruct,1,1
SMP-ACUERDOS-POS,ACUERDOS,documento_texto,1,Phi-3.5-mini-instruct,2,1
SMP-ACUERDOS-POS,ACUERDOS,documento_texto,1,Phi-3.5-mini-instruct,3,1
SMP-ACUERDOS-POS,ACUERDOS,documento_texto,1,Phi-3.5-mini-instruct,4,1
SMP-ACUERDOS-POS,ACUERDOS,documento_texto,1,Phi-3.5-mini-instruct,5,1
SMP-ACUERDOS-POS,ACUERDOS,documento_texto,1,Phi-3.5-mini-instruct,6,1
SMP-ACUERDOS-POS,ACUERDOS,documento_texto,1,Phi-3.5-mini-instruct,7,1
SMP-ACUERDOS-POS,ACUERDOS,documento_texto,1,Phi-3.5-mini-instruct,8,1
SMP-INFRA-NEG,INFRA,codigo_fuente,0,regex_baseline,,0
SMP-INFRA-NEG,INFRA,codigo_fuente,0,Gemma-2-9B-it,1,0
SMP-INFRA-NEG,INFRA,codigo_fuente,0,Gemma-2-9B-it,2,0
SMP-INFRA-NEG,INFRA,codigo_fuente,0,Gemma-2-9B-it,3,0
SMP-INFRA-NEG,INFRA,codigo_fuente,0,Gemma-2-9B-it,4,0
SMP-INFRA-NEG,INFRA,codigo_fuente,0,Gemma-2-9B-it,5,0
SMP-INFRA-NEG,INFRA,codigo_fuente,0,Gemma-2-9B-it,6,0
SMP-INFRA-NEG,INFRA,codigo_fuente,0,Gemma-2-9B-it,7,0
SMP-INFRA-NEG,INFRA,codigo_fuente,0,Gemma-2-9B-it,8,0
SMP-INFRA-NEG,INFRA,codigo_fuente,0,Mistral-7B-Instruct-v0.2,1,0
SMP-INFRA-NEG,INFRA,codigo_fuente,0,Mistral-7B-Instruct-v0.2,2,0
SMP-INFRA-NEG,INFRA,codigo_fuente,0,Mistral-7B-Instruct-v0.2,3,0
SMP-INFRA-NEG,INFRA,codigo_fuente,0,Mistral-7B-Instruct-v0.2,4,1
SMP-INFRA-NEG,INFRA,codigo_fuente,0,Mistral-7B-Instruct-v0.2,5,0
SMP-INFRA-NEG,INFRA,codigo_fuente,0,Mistral-7B-Instruct-v0.2,6,0
SMP-INFRA-NEG,INFRA,codigo_fuente,0,Mistral-7B-Instruct-v0.2,7,1
SMP-INFRA-NEG,INFRA,codigo_fuente,0,Mistral-7B-Instruct-v0.2,8,0
SMP-INFRA-NEG,INFRA,codigo_fuente,0,Qwen2.5-7B-Instruct,1,0
SMP-INFRA-NEG,INFRA,codigo_fuente,0,Qwen2.5-7B-Instruct,2,0
SMP-INFRA-NEG,INFRA,codigo_fuente,0,Qwen2.5-7B-Instruct,3,0
SMP-INFRA-NEG,INFRA,codigo_fuente,0,Qwen2.5-7B-Instruct,4,0
SMP-INFRA-NEG,INFRA,codigo_fuente,0,Qwen2.5-7B-Instruct,5,0
SMP-INFRA-NEG,INFRA,codigo_fuente,0,Qwen2.5-7B-Instruct,6,0
SMP-INFRA-NEG,INFRA,codigo_fuente,0,Qwen2.5-7B-Instruct,7,0
SMP-INFRA-NEG,INFRA,codigo_fuente,0,Qwen2.5-7B-Instruct,8,0
SMP-INFRA-NEG,INFRA,codigo_fuente,0,Phi-3.5-mini-instruct,1,0
SMP-INFRA-NEG,INFRA,codigo_fuente,0,Phi-3.5-mini-instruct,2,0
SMP-INFRA-NEG,INFRA,codigo_fuente,0,Phi-3.5-mini-instruct,3,0
SMP-INFRA-NEG,INFRA,codigo_fuente,0,Phi-3.5-mini-instruct,4,1
SMP-INFRA-NEG,INFRA,codigo_fuente,0,Phi-3.5-mini-instruct,5,0
SMP-INFRA-NEG,INFRA,codigo_fuente,0,Phi-3.5-mini-instruct,6,0
SMP-INFRA-NEG,INFRA,codigo_fuente,0,Phi-3.5-mini-instruct,7,1
SMP-INFRA-NEG,INFRA,codigo_fuente,0,Phi-3.5-mini-instruct,8,0
ADV-B-SEGURIDAD-NEG,SEGURIDAD,codigo_fuente,0,regex_baseline,,1
ADV-B-SEGURIDAD-NEG,SEGURIDAD,codigo_fuente,0,Gemma-2-9B-it,1,0
ADV-B-SEGURIDAD-NEG,SEGURIDAD,codigo_fuente,0,Gemma-2-9B-it,2,0
ADV-B-SEGURIDAD-NEG,SEGURIDAD,codigo_fuente,0,Gemma-2-9B-it,3,0
ADV-B-SEGURIDAD-NEG,SEGURIDAD,codigo_fuente,0,Gemma-2-9B-it,4,1
ADV-B-SEGURIDAD-NEG,SEGURIDAD,codigo_fuente,0,Gemma-2-9B-it,5,0
ADV-B-SEGURIDAD-NEG,SEGURIDAD,codigo_fuente,0,Gemma-2-9B-it,6,0
ADV-B-SEGURIDAD-NEG,SEGURIDAD,codigo_fuente,0,Gemma-2-9B-it,7,0
ADV-B-SEGURIDAD-NEG,SEGURIDAD,codigo_fuente,0,Gemma-2-9B-it,8,0
ADV-B-SEGURIDAD-NEG,SEGURIDAD,codigo_fuente,0,Mistral-7B-Instruct-v0.2,1,1
ADV-B-SEGURIDAD-NEG,SEGURIDAD,codigo_fuente,0,Mistral-7B-Instruct-v0.2,2,0
ADV-B-SEGURIDAD-NEG,SEGURIDAD,codigo_fuente,0,Mistral-7B-Instruct-v0.2,3,0
ADV-B-SEGURIDAD-NEG,SEGURIDAD,codigo_fuente,0,Mistral-7B-Instruct-v0.2,4,1
ADV-B-SEGURIDAD-NEG,SEGURIDAD,codigo_fuente,0,Mistral-7B-Instruct-v0.2,5,0
ADV-B-SEGURIDAD-NEG,SEGURIDAD,codigo_fuente,0,Mistral-7B-Instruct-v0.2,6,0
ADV-B-SEGURIDAD-NEG,SEGURIDAD,codigo_fuente,0,Mistral-7B-Instruct-v0.2,7,1
ADV-B-SEGURIDAD-NEG,SEGURIDAD,codigo_fuente,0,Mistral-7B-Instruct-v0.2,8,0
ADV-B-SEGURIDAD-NEG,SEGURIDAD,codigo_fuente,0,Qwen2.5-7B-Instruct,1,0
ADV-B-SEGURIDAD-NEG,SEGURIDAD,codigo_fuente,0,Qwen2.5-7B-Instruct,2,1
ADV-B-SEGURIDAD-NEG,SEGURIDAD,codigo_fuente,0,Qwen2.5-7B-Instruct,3,0
ADV-B-SEGURIDAD-NEG,SEGURIDAD,codigo_fuente,0,Qwen2.5-7B-Instruct,4,0
ADV-B-SEGURIDAD-NEG,SEGURIDAD,codigo_fuente,0,Qwen2.5-7B-Instruct,5,0
ADV-B-SEGURIDAD-NEG,SEGURIDAD,codigo_fuente,0,Qwen2.5-7B-Instruct,6,1
ADV-B-SEGURIDAD-NEG,SEGURIDAD,codigo_fuente,0,Qwen2.5-7B-Instruct,7,0
ADV-B-SEGURIDAD-NEG,SEGURIDAD,codigo_fuente,0,Qwen2.5-7B-Instruct,8,0
ADV-B-SEGURIDAD-NEG,SEGURIDAD,codigo_fuente,0,Phi-3.5-mini-instruct,1,0
ADV-B-SEGURIDAD-NEG,SEGURIDAD,codigo_fuente,0,Phi-3.5-mini-instruct,2,0
ADV-B-SEGURIDAD-NEG,SEGURIDAD,codigo_fuente,0,Phi-3.5-mini-instruct,3,0
ADV-B-SEGURIDAD-NEG,SEGURIDAD,codigo_fuente,0,Phi-3.5-mini-instruct,4,1
ADV-B-SEGURIDAD-NEG,SEGURIDAD,codigo_fuente,0,Phi-3.5-mini-instruct,5,0
ADV-B-SEGURIDAD-NEG,SEGURIDAD,codigo_fuente,0,Phi-3.5-mini-instruct,6,1
ADV-B-SEGURIDAD-NEG,SEGURIDAD,codigo_fuente,0,Phi-3.5-mini-instruct,7,1
ADV-B-SEGURIDAD-NEG,SEGURIDAD,codigo_fuente,0,Phi-3.5-mini-instruct,8,1
ADV-B-TRAZABILIDAD-NEG,TRAZABILIDAD,codigo_fuente,0,regex_baseline,,1
ADV-B-TRAZABILIDAD-NEG,TRAZABILIDAD,codigo_fuente,0,Gemma-2-9B-it,1,1
ADV-B-TRAZABILIDAD-NEG,TRAZABILIDAD,codigo_fuente,0,Gemma-2-9B-it,2,0
ADV-B-TRAZABILIDAD-NEG,TRAZABILIDAD,codigo_fuente,0,Gemma-2-9B-it,3,0
ADV-B-TRAZABILIDAD-NEG,TRAZABILIDAD,codigo_fuente,0,Gemma-2-9B-it,4,1
ADV-B-TRAZABILIDAD-NEG,TRAZABILIDAD,codigo_fuente,0,Gemma-2-9B-it,5,0
ADV-B-TRAZABILIDAD-NEG,TRAZABILIDAD,codigo_fuente,0,Gemma-2-9B-it,6,1
ADV-B-TRAZABILIDAD-NEG,TRAZABILIDAD,codigo_fuente,0,Gemma-2-9B-it,7,0
ADV-B-TRAZABILIDAD-NEG,TRAZABILIDAD,codigo_fuente,0,Gemma-2-9B-it,8,0
ADV-B-TRAZABILIDAD-NEG,TRAZABILIDAD,codigo_fuente,0,Mistral-7B-Instruct-v0.2,1,0
ADV-B-TRAZABILIDAD-NEG,TRAZABILIDAD,codigo_fuente,0,Mistral-7B-Instruct-v0.2,2,0
ADV-B-TRAZABILIDAD-NEG,TRAZABILIDAD,codigo_fuente,0,Mistral-7B-Instruct-v0.2,3,0
ADV-B-TRAZABILIDAD-NEG,TRAZABILIDAD,codigo_fuente,0,Mistral-7B-Instruct-v0.2,4,1
ADV-B-TRAZABILIDAD-NEG,TRAZABILIDAD,codigo_fuente,0,Mistral-7B-Instruct-v0.2,5,0
ADV-B-TRAZABILIDAD-NEG,TRAZABILIDAD,codigo_fuente,0,Mistral-7B-Instruct-v0.2,6,0
ADV-B-TRAZABILIDAD-NEG,TRAZABILIDAD,codigo_fuente,0,Mistral-7B-Instruct-v0.2,7,0
ADV-B-TRAZABILIDAD-NEG,TRAZABILIDAD,codigo_fuente,0,Mistral-7B-Instruct-v0.2,8,0
ADV-B-TRAZABILIDAD-NEG,TRAZABILIDAD,codigo_fuente,0,Qwen2.5-7B-Instruct,1,1
ADV-B-TRAZABILIDAD-NEG,TRAZABILIDAD,codigo_fuente,0,Qwen2.5-7B-Instruct,2,1
ADV-B-TRAZABILIDAD-NEG,TRAZABILIDAD,codigo_fuente,0,Qwen2.5-7B-Instruct,3,0
ADV-B-TRAZABILIDAD-NEG,TRAZABILIDAD,codigo_fuente,0,Qwen2.5-7B-Instruct,4,1
ADV-B-TRAZABILIDAD-NEG,TRAZABILIDAD,codigo_fuente,0,Qwen2.5-7B-Instruct,5,1
ADV-B-TRAZABILIDAD-NEG,TRAZABILIDAD,codigo_fuente,0,Qwen2.5-7B-Instruct,6,1
ADV-B-TRAZABILIDAD-NEG,TRAZABILIDAD,codigo_fuente,0,Qwen2.5-7B-Instruct,7,0
ADV-B-TRAZABILIDAD-NEG,TRAZABILIDAD,codigo_fuente,0,Qwen2.5-7B-Instruct,8,1
ADV-B-TRAZABILIDAD-NEG,TRAZABILIDAD,codigo_fuente,0,Phi-3.5-mini-instruct,1,0
ADV-B-TRAZABILIDAD-NEG,TRAZABILIDAD,codigo_fuente,0,Phi-3.5-mini-instruct,2,0
ADV-B-TRAZABILIDAD-NEG,TRAZABILIDAD,codigo_fuente,0,Phi-3.5-mini-instruct,3,0
ADV-B-TRAZABILIDAD-NEG,TRAZABILIDAD,codigo_fuente,0,Phi-3.5-mini-instruct,4,1
ADV-B-TRAZABILIDAD-NEG,TRAZABILIDAD,codigo_fuente,0,Phi-3.5-mini-instruct,5,0
ADV-B-TRAZABILIDAD-NEG,TRAZABILIDAD,codigo_fuente,0,Phi-3.5-mini-instruct,6,0
ADV-B-TRAZABILIDAD-NEG,TRAZABILIDAD,codigo_fuente,0,Phi-3.5-mini-instruct,7,0
ADV-B-TRAZABILIDAD-NEG,TRAZABILIDAD,codigo_fuente,0,Phi-3.5-mini-instruct,8,0
ADV-B-GOBERNANZA-NEG,GOBERNANZA,codigo_fuente,0,regex_baseline,,1
ADV-B-GOBERNANZA-NEG,GOBERNANZA,codigo_fuente,0,Gemma-2-9B-it,1,1
ADV-B-GOBERNANZA-NEG,GOBERNANZA,codigo_fuente,0,Gemma-2-9B-it,2,0
ADV-B-GOBERNANZA-NEG,GOBERNANZA,codigo_fuente,0,Gemma-2-9B-it,3,0
ADV-B-GOBERNANZA-NEG,GOBERNANZA,codigo_fuente,0,Gemma-2-9B-it,4,0
ADV-B-GOBERNANZA-NEG,GOBERNANZA,codigo_fuente,0,Gemma-2-9B-it,5,0
ADV-B-GOBERNANZA-NEG,GOBERNANZA,codigo_fuente,0,Gemma-2-9B-it,6,0
ADV-B-GOBERNANZA-NEG,GOBERNANZA,codigo_fuente,0,Gemma-2-9B-it,7,0
ADV-B-GOBERNANZA-NEG,GOBERNANZA,codigo_fuente,0,Gemma-2-9B-it,8,0
ADV-B-GOBERNANZA-NEG,GOBERNANZA,codigo_fuente,0,Mistral-7B-Instruct-v0.2,1,0
ADV-B-GOBERNANZA-NEG,GOBERNANZA,codigo_fuente,0,Mistral-7B-Instruct-v0.2,2,0
ADV-B-GOBERNANZA-NEG,GOBERNANZA,codigo_fuente,0,Mistral-7B-Instruct-v0.2,3,0
ADV-B-GOBERNANZA-NEG,GOBERNANZA,codigo_fuente,0,Mistral-7B-Instruct-v0.2,4,1
ADV-B-GOBERNANZA-NEG,GOBERNANZA,codigo_fuente,0,Mistral-7B-Instruct-v0.2,5,0
ADV-B-GOBERNANZA-NEG,GOBERNANZA,codigo_fuente,0,Mistral-7B-Instruct-v0.2,6,0
ADV-B-GOBERNANZA-NEG,GOBERNANZA,codigo_fuente,0,Mistral-7B-Instruct-v0.2,7,0
ADV-B-GOBERNANZA-NEG,GOBERNANZA,codigo_fuente,0,Mistral-7B-Instruct-v0.2,8,0
ADV-B-GOBERNANZA-NEG,GOBERNANZA,codigo_fuente,0,Qwen2.5-7B-Instruct,1,0
ADV-B-GOBERNANZA-NEG,GOBERNANZA,codigo_fuente,0,Qwen2.5-7B-Instruct,2,0
ADV-B-GOBERNANZA-NEG,GOBERNANZA,codigo_fuente,0,Qwen2.5-7B-Instruct,3,0
ADV-B-GOBERNANZA-NEG,GOBERNANZA,codigo_fuente,0,Qwen2.5-7B-Instruct,4,1
ADV-B-GOBERNANZA-NEG,GOBERNANZA,codigo_fuente,0,Qwen2.5-7B-Instruct,5,0
ADV-B-GOBERNANZA-NEG,GOBERNANZA,codigo_fuente,0,Qwen2.5-7B-Instruct,6,0
ADV-B-GOBERNANZA-NEG,GOBERNANZA,codigo_fuente,0,Qwen2.5-7B-Instruct,7,0
ADV-B-GOBERNANZA-NEG,GOBERNANZA,codigo_fuente,0,Qwen2.5-7B-Instruct,8,0
ADV-B-GOBERNANZA-NEG,GOBERNANZA,codigo_fuente,0,Phi-3.5-mini-instruct,1,1
ADV-B-GOBERNANZA-NEG,GOBERNANZA,codigo_fuente,0,Phi-3.5-mini-instruct,2,0
ADV-B-GOBERNANZA-NEG,GOBERNANZA,codigo_fuente,0,Phi-3.5-mini-instruct,3,0
ADV-B-GOBERNANZA-NEG,GOBERNANZA,codigo_fuente,0,Phi-3.5-mini-instruct,4,1
ADV-B-GOBERNANZA-NEG,GOBERNANZA,codigo_fuente,0,Phi-3.5-mini-instruct,5,0
ADV-B-GOBERNANZA-NEG,GOBERNANZA,codigo_fuente,0,Phi-3.5-mini-instruct,6,0
ADV-B-GOBERNANZA-NEG,GOBERNANZA,codigo_fuente,0,Phi-3.5-mini-instruct,7,1
ADV-B-GOBERNANZA-NEG,GOBERNANZA,codigo_fuente,0,Phi-3.5-mini-instruct,8,1
ADV-B-RESPALDO-NEG,RESPALDO,pipeline_ci,0,regex_baseline,,1
ADV-B-RESPALDO-NEG,RESPALDO,pipeline_ci,0,Gemma-2-9B-it,1,0
ADV-B-RESPALDO-NEG,RESPALDO,pipeline_ci,0,Gemma-2-9B-it,2,0
ADV-B-RESPALDO-NEG,RESPALDO,pipeline_ci,0,Gemma-2-9B-it,3,0
ADV-B-RESPALDO-NEG,RESPALDO,pipeline_ci,0,Gemma-2-9B-it,4,0
ADV-B-RESPALDO-NEG,RESPALDO,pipeline_ci,0,Gemma-2-9B-it,5,0
ADV-B-RESPALDO-NEG,RESPALDO,pipeline_ci,0,Gemma-2-9B-it,6,0
ADV-B-RESPALDO-NEG,RESPALDO,pipeline_ci,0,Gemma-2-9B-it,7,0
ADV-B-RESPALDO-NEG,RESPALDO,pipeline_ci,0,Gemma-2-9B-it,8,0
ADV-B-RESPALDO-NEG,RESPALDO,pipeline_ci,0,Mistral-7B-Instruct-v0.2,1,0
ADV-B-RESPALDO-NEG,RESPALDO,pipeline_ci,0,Mistral-7B-Instruct-v0.2,2,0
ADV-B-RESPALDO-NEG,RESPALDO,pipeline_ci,0,Mistral-7B-Instruct-v0.2,3,0
ADV-B-RESPALDO-NEG,RESPALDO,pipeline_ci,0,Mistral-7B-Instruct-v0.2,4,0
ADV-B-RESPALDO-NEG,RESPALDO,pipeline_ci,0,Mistral-7B-Instruct-v0.2,5,0
ADV-B-RESPALDO-NEG,RESPALDO,pipeline_ci,0,Mistral-7B-Instruct-v0.2,6,0
ADV-B-RESPALDO-NEG,RESPALDO,pipeline_ci,0,Mistral-7B-Instruct-v0.2,7,0
ADV-B-RESPALDO-NEG,RESPALDO,pipeline_ci,0,Mistral-7B-Instruct-v0.2,8,0
ADV-B-RESPALDO-NEG,RESPALDO,pipeline_ci,0,Qwen2.5-7B-Instruct,1,0
ADV-B-RESPALDO-NEG,RESPALDO,pipeline_ci,0,Qwen2.5-7B-Instruct,2,0
ADV-B-RESPALDO-NEG,RESPALDO,pipeline_ci,0,Qwen2.5-7B-Instruct,3,0
ADV-B-RESPALDO-NEG,RESPALDO,pipeline_ci,0,Qwen2.5-7B-Instruct,4,0
ADV-B-RESPALDO-NEG,RESPALDO,pipeline_ci,0,Qwen2.5-7B-Instruct,5,0
ADV-B-RESPALDO-NEG,RESPALDO,pipeline_ci,0,Qwen2.5-7B-Instruct,6,0
ADV-B-RESPALDO-NEG,RESPALDO,pipeline_ci,0,Qwen2.5-7B-Instruct,7,0
ADV-B-RESPALDO-NEG,RESPALDO,pipeline_ci,0,Qwen2.5-7B-Instruct,8,0
ADV-B-RESPALDO-NEG,RESPALDO,pipeline_ci,0,Phi-3.5-mini-instruct,1,0
ADV-B-RESPALDO-NEG,RESPALDO,pipeline_ci,0,Phi-3.5-mini-instruct,2,0
ADV-B-RESPALDO-NEG,RESPALDO,pipeline_ci,0,Phi-3.5-mini-instruct,3,0
ADV-B-RESPALDO-NEG,RESPALDO,pipeline_ci,0,Phi-3.5-mini-instruct,4,0
ADV-B-RESPALDO-NEG,RESPALDO,pipeline_ci,0,Phi-3.5-mini-instruct,5,0
ADV-B-RESPALDO-NEG,RESPALDO,pipeline_ci,0,Phi-3.5-mini-instruct,6,1
ADV-B-RESPALDO-NEG,RESPALDO,pipeline_ci,0,Phi-3.5-mini-instruct,7,1
ADV-B-RESPALDO-NEG,RESPALDO,pipeline_ci,0,Phi-3.5-mini-instruct,8,1
ADV-B-ACUERDOS-NEG,ACUERDOS,documento_texto,0,regex_baseline,,1
ADV-B-ACUERDOS-NEG,ACUERDOS,documento_texto,0,Gemma-2-9B-it,1,0
ADV-B-ACUERDOS-NEG,ACUERDOS,documento_texto,0,Gemma-2-9B-it,2,0
ADV-B-ACUERDOS-NEG,ACUERDOS,documento_texto,0,Gemma-2-9B-it,3,0
ADV-B-ACUERDOS-NEG,ACUERDOS,documento_texto,0,Gemma-2-9B-it,4,0
ADV-B-ACUERDOS-NEG,ACUERDOS,documento_texto,0,Gemma-2-9B-it,5,0
ADV-B-ACUERDOS-NEG,ACUERDOS,documento_texto,0,Gemma-2-9B-it,6,0
ADV-B-ACUERDOS-NEG,ACUERDOS,documento_texto,0,Gemma-2-9B-it,7,0
ADV-B-ACUERDOS-NEG,ACUERDOS,documento_texto,0,Gemma-2-9B-it,8,0
ADV-B-ACUERDOS-NEG,ACUERDOS,documento_texto,0,Mistral-7B-Instruct-v0.2,1,0
ADV-B-ACUERDOS-NEG,ACUERDOS,documento_texto,0,Mistral-7B-Instruct-v0.2,2,0
ADV-B-ACUERDOS-NEG,ACUERDOS,documento_texto,0,Mistral-7B-Instruct-v0.2,3,0
ADV-B-ACUERDOS-NEG,ACUERDOS,documento_texto,0,Mistral-7B-Instruct-v0.2,4,0
ADV-B-ACUERDOS-NEG,ACUERDOS,documento_texto,0,Mistral-7B-Instruct-v0.2,5,0
ADV-B-ACUERDOS-NEG,ACUERDOS,documento_texto,0,Mistral-7B-Instruct-v0.2,6,0
ADV-B-ACUERDOS-NEG,ACUERDOS,documento_texto,0,Mistral-7B-Instruct-v0.2,7,0
ADV-B-ACUERDOS-NEG,ACUERDOS,documento_texto,0,Mistral-7B-Instruct-v0.2,8,0
ADV-B-ACUERDOS-NEG,ACUERDOS,documento_texto,0,Qwen2.5-7B-Instruct,1,0
ADV-B-ACUERDOS-NEG,ACUERDOS,documento_texto,0,Qwen2.5-7B-Instruct,2,0
ADV-B-ACUERDOS-NEG,ACUERDOS,documento_texto,0,Qwen2.5-7B-Instruct,3,0
ADV-B-ACUERDOS-NEG,ACUERDOS,documento_texto,0,Qwen2.5-7B-Instruct,4,1
ADV-B-ACUERDOS-NEG,ACUERDOS,documento_texto,0,Qwen2.5-7B-Instruct,5,0
ADV-B-ACUERDOS-NEG,ACUERDOS,documento_texto,0,Qwen2.5-7B-Instruct,6,0
ADV-B-ACUERDOS-NEG,ACUERDOS,documento_texto,0,Qwen2.5-7B-Instruct,7,0
ADV-B-ACUERDOS-NEG,ACUERDOS,documento_texto,0,Qwen2.5-7B-Instruct,8,0
ADV-B-ACUERDOS-NEG,ACUERDOS,documento_texto,0,Phi-3.5-mini-instruct,1,1
ADV-B-ACUERDOS-NEG,ACUERDOS,documento_texto,0,Phi-3.5-mini-instruct,2,0
ADV-B-ACUERDOS-NEG,ACUERDOS,documento_texto,0,Phi-3.5-mini-instruct,3,0
ADV-B-ACUERDOS-NEG,ACUERDOS,documento_texto,0,Phi-3.5-mini-instruct,4,0
ADV-B-ACUERDOS-NEG,ACUERDOS,documento_texto,0,Phi-3.5-mini-instruct,5,0
ADV-B-ACUERDOS-NEG,ACUERDOS,documento_texto,0,Phi-3.5-mini-instruct,6,0
ADV-B-ACUERDOS-NEG,ACUERDOS,documento_texto,0,Phi-3.5-mini-instruct,7,0
ADV-B-ACUERDOS-NEG,ACUERDOS,documento_texto,0,Phi-3.5-mini-instruct,8,0
ADV-B-PRUEBAS-NEG,PRUEBAS,codigo_fuente,0,regex_baseline,,1
ADV-B-PRUEBAS-NEG,PRUEBAS,codigo_fuente,0,Gemma-2-9B-it,1,1
ADV-B-PRUEBAS-NEG,PRUEBAS,codigo_fuente,0,Gemma-2-9B-it,2,1
ADV-B-PRUEBAS-NEG,PRUEBAS,codigo_fuente,0,Gemma-2-9B-it,3,0
ADV-B-PRUEBAS-NEG,PRUEBAS,codigo_fuente,0,Gemma-2-9B-it,4,1
ADV-B-PRUEBAS-NEG,PRUEBAS,codigo_fuente,0,Gemma-2-9B-it,5,1
ADV-B-PRUEBAS-NEG,PRUEBAS,codigo_fuente,0,Gemma-2-9B-it,6,1
ADV-B-PRUEBAS-NEG,PRUEBAS,codigo_fuente,0,Gemma-2-9B-it,7,1
ADV-B-PRUEBAS-NEG,PRUEBAS,codigo_fuente,0,Gemma-2-9B-it,8,1
ADV-B-PRUEBAS-NEG,PRUEBAS,codigo_fuente,0,Mistral-7B-Instruct-v0.2,1,1
ADV-B-PRUEBAS-NEG,PRUEBAS,codigo_fuente,0,Mistral-7B-Instruct-v0.2,2,1
ADV-B-PRUEBAS-NEG,PRUEBAS,codigo_fuente,0,Mistral-7B-Instruct-v0.2,3,1
ADV-B-PRUEBAS-NEG,PRUEBAS,codigo_fuente,0,Mistral-7B-Instruct-v0.2,4,1
ADV-B-PRUEBAS-NEG,PRUEBAS,codigo_fuente,0,Mistral-7B-Instruct-v0.2,5,1
ADV-B-PRUEBAS-NEG,PRUEBAS,codigo_fuente,0,Mistral-7B-Instruct-v0.2,6,1
ADV-B-PRUEBAS-NEG,PRUEBAS,codigo_fuente,0,Mistral-7B-Instruct-v0.2,7,1
ADV-B-PRUEBAS-NEG,PRUEBAS,codigo_fuente,0,Mistral-7B-Instruct-v0.2,8,1
ADV-B-PRUEBAS-NEG,PRUEBAS,codigo_fuente,0,Qwen2.5-7B-Instruct,1,1
ADV-B-PRUEBAS-NEG,PRUEBAS,codigo_fuente,0,Qwen2.5-7B-Instruct,2,1
ADV-B-PRUEBAS-NEG,PRUEBAS,codigo_fuente,0,Qwen2.5-7B-Instruct,3,1
ADV-B-PRUEBAS-NEG,PRUEBAS,codigo_fuente,0,Qwen2.5-7B-Instruct,4,1
ADV-B-PRUEBAS-NEG,PRUEBAS,codigo_fuente,0,Qwen2.5-7B-Instruct,5,1
ADV-B-PRUEBAS-NEG,PRUEBAS,codigo_fuente,0,Qwen2.5-7B-Instruct,6,1
ADV-B-PRUEBAS-NEG,PRUEBAS,codigo_fuente,0,Qwen2.5-7B-Instruct,7,0
ADV-B-PRUEBAS-NEG,PRUEBAS,codigo_fuente,0,Qwen2.5-7B-Instruct,8,1
ADV-B-PRUEBAS-NEG,PRUEBAS,codigo_fuente,0,Phi-3.5-mini-instruct,1,0
ADV-B-PRUEBAS-NEG,PRUEBAS,codigo_fuente,0,Phi-3.5-mini-instruct,2,1
ADV-B-PRUEBAS-NEG,PRUEBAS,codigo_fuente,0,Phi-3.5-mini-instruct,3,0
ADV-B-PRUEBAS-NEG,PRUEBAS,codigo_fuente,0,Phi-3.5-mini-instruct,4,1
ADV-B-PRUEBAS-NEG,PRUEBAS,codigo_fuente,0,Phi-3.5-mini-instruct,5,1
ADV-B-PRUEBAS-NEG,PRUEBAS,codigo_fuente,0,Phi-3.5-mini-instruct,6,1
ADV-B-PRUEBAS-NEG,PRUEBAS,codigo_fuente,0,Phi-3.5-mini-instruct,7,1
ADV-B-PRUEBAS-NEG,PRUEBAS,codigo_fuente,0,Phi-3.5-mini-instruct,8,1
ADV-C-SEGURIDAD-POS,SEGURIDAD,codigo_fuente,1,regex_baseline,,0
ADV-C-SEGURIDAD-POS,SEGURIDAD,codigo_fuente,1,Gemma-2-9B-it,1,1
ADV-C-SEGURIDAD-POS,SEGURIDAD,codigo_fuente,1,Gemma-2-9B-it,2,1
ADV-C-SEGURIDAD-POS,SEGURIDAD,codigo_fuente,1,Gemma-2-9B-it,3,1
ADV-C-SEGURIDAD-POS,SEGURIDAD,codigo_fuente,1,Gemma-2-9B-it,4,1
ADV-C-SEGURIDAD-POS,SEGURIDAD,codigo_fuente,1,Gemma-2-9B-it,5,1
ADV-C-SEGURIDAD-POS,SEGURIDAD,codigo_fuente,1,Gemma-2-9B-it,6,1
ADV-C-SEGURIDAD-POS,SEGURIDAD,codigo_fuente,1,Gemma-2-9B-it,7,1
ADV-C-SEGURIDAD-POS,SEGURIDAD,codigo_fuente,1,Gemma-2-9B-it,8,1
ADV-C-SEGURIDAD-POS,SEGURIDAD,codigo_fuente,1,Mistral-7B-Instruct-v0.2,1,1
ADV-C-SEGURIDAD-POS,SEGURIDAD,codigo_fuente,1,Mistral-7B-Instruct-v0.2,2,1
ADV-C-SEGURIDAD-POS,SEGURIDAD,codigo_fuente,1,Mistral-7B-Instruct-v0.2,3,1
ADV-C-SEGURIDAD-POS,SEGURIDAD,codigo_fuente,1,Mistral-7B-Instruct-v0.2,4,1
ADV-C-SEGURIDAD-POS,SEGURIDAD,codigo_fuente,1,Mistral-7B-Instruct-v0.2,5,1
ADV-C-SEGURIDAD-POS,SEGURIDAD,codigo_fuente,1,Mistral-7B-Instruct-v0.2,6,1
ADV-C-SEGURIDAD-POS,SEGURIDAD,codigo_fuente,1,Mistral-7B-Instruct-v0.2,7,1
ADV-C-SEGURIDAD-POS,SEGURIDAD,codigo_fuente,1,Mistral-7B-Instruct-v0.2,8,1
ADV-C-SEGURIDAD-POS,SEGURIDAD,codigo_fuente,1,Qwen2.5-7B-Instruct,1,1
ADV-C-SEGURIDAD-POS,SEGURIDAD,codigo_fuente,1,Qwen2.5-7B-Instruct,2,1
ADV-C-SEGURIDAD-POS,SEGURIDAD,codigo_fuente,1,Qwen2.5-7B-Instruct,3,1
ADV-C-SEGURIDAD-POS,SEGURIDAD,codigo_fuente,1,Qwen2.5-7B-Instruct,4,1
ADV-C-SEGURIDAD-POS,SEGURIDAD,codigo_fuente,1,Qwen2.5-7B-Instruct,5,1
ADV-C-SEGURIDAD-POS,SEGURIDAD,codigo_fuente,1,Qwen2.5-7B-Instruct,6,1
ADV-C-SEGURIDAD-POS,SEGURIDAD,codigo_fuente,1,Qwen2.5-7B-Instruct,7,1
ADV-C-SEGURIDAD-POS,SEGURIDAD,codigo_fuente,1,Qwen2.5-7B-Instruct,8,1
ADV-C-SEGURIDAD-POS,SEGURIDAD,codigo_fuente,1,Phi-3.5-mini-instruct,1,1
ADV-C-SEGURIDAD-POS,SEGURIDAD,codigo_fuente,1,Phi-3.5-mini-instruct,2,1
ADV-C-SEGURIDAD-POS,SEGURIDAD,codigo_fuente,1,Phi-3.5-mini-instruct,3,1
ADV-C-SEGURIDAD-POS,SEGURIDAD,codigo_fuente,1,Phi-3.5-mini-instruct,4,1
ADV-C-SEGURIDAD-POS,SEGURIDAD,codigo_fuente,1,Phi-3.5-mini-instruct,5,1
ADV-C-SEGURIDAD-POS,SEGURIDAD,codigo_fuente,1,Phi-3.5-mini-instruct,6,1
ADV-C-SEGURIDAD-POS,SEGURIDAD,codigo_fuente,1,Phi-3.5-mini-instruct,7,1
ADV-C-SEGURIDAD-POS,SEGURIDAD,codigo_fuente,1,Phi-3.5-mini-instruct,8,1
ADV-C-TRAZABILIDAD-POS,TRAZABILIDAD,codigo_fuente,1,regex_baseline,,0
ADV-C-TRAZABILIDAD-POS,TRAZABILIDAD,codigo_fuente,1,Gemma-2-9B-it,1,1
ADV-C-TRAZABILIDAD-POS,TRAZABILIDAD,codigo_fuente,1,Gemma-2-9B-it,2,1
ADV-C-TRAZABILIDAD-POS,TRAZABILIDAD,codigo_fuente,1,Gemma-2-9B-it,3,0
ADV-C-TRAZABILIDAD-POS,TRAZABILIDAD,codigo_fuente,1,Gemma-2-9B-it,4,1
ADV-C-TRAZABILIDAD-POS,TRAZABILIDAD,codigo_fuente,1,Gemma-2-9B-it,5,1
ADV-C-TRAZABILIDAD-POS,TRAZABILIDAD,codigo_fuente,1,Gemma-2-9B-it,6,1
ADV-C-TRAZABILIDAD-POS,TRAZABILIDAD,codigo_fuente,1,Gemma-2-9B-it,7,1
ADV-C-TRAZABILIDAD-POS,TRAZABILIDAD,codigo_fuente,1,Gemma-2-9B-it,8,1
ADV-C-TRAZABILIDAD-POS,TRAZABILIDAD,codigo_fuente,1,Mistral-7B-Instruct-v0.2,1,1
ADV-C-TRAZABILIDAD-POS,TRAZABILIDAD,codigo_fuente,1,Mistral-7B-Instruct-v0.2,2,1
ADV-C-TRAZABILIDAD-POS,TRAZABILIDAD,codigo_fuente,1,Mistral-7B-Instruct-v0.2,3,0
ADV-C-TRAZABILIDAD-POS,TRAZABILIDAD,codigo_fuente,1,Mistral-7B-Instruct-v0.2,4,1
ADV-C-TRAZABILIDAD-POS,TRAZABILIDAD,codigo_fuente,1,Mistral-7B-Instruct-v0.2,5,1
ADV-C-TRAZABILIDAD-POS,TRAZABILIDAD,codigo_fuente,1,Mistral-7B-Instruct-v0.2,6,1
ADV-C-TRAZABILIDAD-POS,TRAZABILIDAD,codigo_fuente,1,Mistral-7B-Instruct-v0.2,7,1
ADV-C-TRAZABILIDAD-POS,TRAZABILIDAD,codigo_fuente,1,Mistral-7B-Instruct-v0.2,8,1
ADV-C-TRAZABILIDAD-POS,TRAZABILIDAD,codigo_fuente,1,Qwen2.5-7B-Instruct,1,1
ADV-C-TRAZABILIDAD-POS,TRAZABILIDAD,codigo_fuente,1,Qwen2.5-7B-Instruct,2,1
ADV-C-TRAZABILIDAD-POS,TRAZABILIDAD,codigo_fuente,1,Qwen2.5-7B-Instruct,3,1
ADV-C-TRAZABILIDAD-POS,TRAZABILIDAD,codigo_fuente,1,Qwen2.5-7B-Instruct,4,1
ADV-C-TRAZABILIDAD-POS,TRAZABILIDAD,codigo_fuente,1,Qwen2.5-7B-Instruct,5,1
ADV-C-TRAZABILIDAD-POS,TRAZABILIDAD,codigo_fuente,1,Qwen2.5-7B-Instruct,6,1
ADV-C-TRAZABILIDAD-POS,TRAZABILIDAD,codigo_fuente,1,Qwen2.5-7B-Instruct,7,0
ADV-C-TRAZABILIDAD-POS,TRAZABILIDAD,codigo_fuente,1,Qwen2.5-7B-Instruct,8,1
ADV-C-TRAZABILIDAD-POS,TRAZABILIDAD,codigo_fuente,1,Phi-3.5-mini-instruct,1,0
ADV-C-TRAZABILIDAD-POS,TRAZABILIDAD,codigo_fuente,1,Phi-3.5-mini-instruct,2,0
ADV-C-TRAZABILIDAD-POS,TRAZABILIDAD,codigo_fuente,1,Phi-3.5-mini-instruct,3,0
ADV-C-TRAZABILIDAD-POS,TRAZABILIDAD,codigo_fuente,1,Phi-3.5-mini-instruct,4,1
ADV-C-TRAZABILIDAD-POS,TRAZABILIDAD,codigo_fuente,1,Phi-3.5-mini-instruct,5,0
ADV-C-TRAZABILIDAD-POS,TRAZABILIDAD,codigo_fuente,1,Phi-3.5-mini-instruct,6,1
ADV-C-TRAZABILIDAD-POS,TRAZABILIDAD,codigo_fuente,1,Phi-3.5-mini-instruct,7,1
ADV-C-TRAZABILIDAD-POS,TRAZABILIDAD,codigo_fuente,1,Phi-3.5-mini-instruct,8,1
ADV-C-GOBERNANZA-POS,GOBERNANZA,codigo_fuente,1,regex_baseline,,0
ADV-C-GOBERNANZA-POS,GOBERNANZA,codigo_fuente,1,Gemma-2-9B-it,1,1
ADV-C-GOBERNANZA-POS,GOBERNANZA,codigo_fuente,1,Gemma-2-9B-it,2,1
ADV-C-GOBERNANZA-POS,GOBERNANZA,codigo_fuente,1,Gemma-2-9B-it,3,1
ADV-C-GOBERNANZA-POS,GOBERNANZA,codigo_fuente,1,Gemma-2-9B-it,4,1
ADV-C-GOBERNANZA-POS,GOBERNANZA,codigo_fuente,1,Gemma-2-9B-it,5,1
ADV-C-GOBERNANZA-POS,GOBERNANZA,codigo_fuente,1,Gemma-2-9B-it,6,1
ADV-C-GOBERNANZA-POS,GOBERNANZA,codigo_fuente,1,Gemma-2-9B-it,7,1
ADV-C-GOBERNANZA-POS,GOBERNANZA,codigo_fuente,1,Gemma-2-9B-it,8,1
ADV-C-GOBERNANZA-POS,GOBERNANZA,codigo_fuente,1,Mistral-7B-Instruct-v0.2,1,1
ADV-C-GOBERNANZA-POS,GOBERNANZA,codigo_fuente,1,Mistral-7B-Instruct-v0.2,2,1
ADV-C-GOBERNANZA-POS,GOBERNANZA,codigo_fuente,1,Mistral-7B-Instruct-v0.2,3,1
ADV-C-GOBERNANZA-POS,GOBERNANZA,codigo_fuente,1,Mistral-7B-Instruct-v0.2,4,1
ADV-C-GOBERNANZA-POS,GOBERNANZA,codigo_fuente,1,Mistral-7B-Instruct-v0.2,5,1
ADV-C-GOBERNANZA-POS,GOBERNANZA,codigo_fuente,1,Mistral-7B-Instruct-v0.2,6,1
ADV-C-GOBERNANZA-POS,GOBERNANZA,codigo_fuente,1,Mistral-7B-Instruct-v0.2,7,1
ADV-C-GOBERNANZA-POS,GOBERNANZA,codigo_fuente,1,Mistral-7B-Instruct-v0.2,8,1
ADV-C-GOBERNANZA-POS,GOBERNANZA,codigo_fuente,1,Qwen2.5-7B-Instruct,1,1
ADV-C-GOBERNANZA-POS,GOBERNANZA,codigo_fuente,1,Qwen2.5-7B-Instruct,2,1
ADV-C-GOBERNANZA-POS,GOBERNANZA,codigo_fuente,1,Qwen2.5-7B-Instruct,3,1
ADV-C-GOBERNANZA-POS,GOBERNANZA,codigo_fuente,1,Qwen2.5-7B-Instruct,4,1
ADV-C-GOBERNANZA-POS,GOBERNANZA,codigo_fuente,1,Qwen2.5-7B-Instruct,5,1
ADV-C-GOBERNANZA-POS,GOBERNANZA,codigo_fuente,1,Qwen2.5-7B-Instruct,6,1
ADV-C-GOBERNANZA-POS,GOBERNANZA,codigo_fuente,1,Qwen2.5-7B-Instruct,7,1
ADV-C-GOBERNANZA-POS,GOBERNANZA,codigo_fuente,1,Qwen2.5-7B-Instruct,8,1
ADV-C-GOBERNANZA-POS,GOBERNANZA,codigo_fuente,1,Phi-3.5-mini-instruct,1,1
ADV-C-GOBERNANZA-POS,GOBERNANZA,codigo_fuente,1,Phi-3.5-mini-instruct,2,1
ADV-C-GOBERNANZA-POS,GOBERNANZA,codigo_fuente,1,Phi-3.5-mini-instruct,3,1
ADV-C-GOBERNANZA-POS,GOBERNANZA,codigo_fuente,1,Phi-3.5-mini-instruct,4,1
ADV-C-GOBERNANZA-POS,GOBERNANZA,codigo_fuente,1,Phi-3.5-mini-instruct,5,1
ADV-C-GOBERNANZA-POS,GOBERNANZA,codigo_fuente,1,Phi-3.5-mini-instruct,6,1
ADV-C-GOBERNANZA-POS,GOBERNANZA,codigo_fuente,1,Phi-3.5-mini-instruct,7,1
ADV-C-GOBERNANZA-POS,GOBERNANZA,codigo_fuente,1,Phi-3.5-mini-instruct,8,1
ADV-C-RESPALDO-POS,RESPALDO,pipeline_ci,1,regex_baseline,,0
ADV-C-RESPALDO-POS,RESPALDO,pipeline_ci,1,Gemma-2-9B-it,1,1
ADV-C-RESPALDO-POS,RESPALDO,pipeline_ci,1,Gemma-2-9B-it,2,0
ADV-C-RESPALDO-POS,RESPALDO,pipeline_ci,1,Gemma-2-9B-it,3,1
ADV-C-RESPALDO-POS,RESPALDO,pipeline_ci,1,Gemma-2-9B-it,4,1
ADV-C-RESPALDO-POS,RESPALDO,pipeline_ci,1,Gemma-2-9B-it,5,1
ADV-C-RESPALDO-POS,RESPALDO,pipeline_ci,1,Gemma-2-9B-it,6,1
ADV-C-RESPALDO-POS,RESPALDO,pipeline_ci,1,Gemma-2-9B-it,7,1
ADV-C-RESPALDO-POS,RESPALDO,pipeline_ci,1,Gemma-2-9B-it,8,1
ADV-C-RESPALDO-POS,RESPALDO,pipeline_ci,1,Mistral-7B-Instruct-v0.2,1,1
ADV-C-RESPALDO-POS,RESPALDO,pipeline_ci,1,Mistral-7B-Instruct-v0.2,2,1
ADV-C-RESPALDO-POS,RESPALDO,pipeline_ci,1,Mistral-7B-Instruct-v0.2,3,1
ADV-C-RESPALDO-POS,RESPALDO,pipeline_ci,1,Mistral-7B-Instruct-v0.2,4,1
ADV-C-RESPALDO-POS,RESPALDO,pipeline_ci,1,Mistral-7B-Instruct-v0.2,5,1
ADV-C-RESPALDO-POS,RESPALDO,pipeline_ci,1,Mistral-7B-Instruct-v0.2,6,1
ADV-C-RESPALDO-POS,RESPALDO,pipeline_ci,1,Mistral-7B-Instruct-v0.2,7,1
ADV-C-RESPALDO-POS,RESPALDO,pipeline_ci,1,Mistral-7B-Instruct-v0.2,8,1
ADV-C-RESPALDO-POS,RESPALDO,pipeline_ci,1,Qwen2.5-7B-Instruct,1,1
ADV-C-RESPALDO-POS,RESPALDO,pipeline_ci,1,Qwen2.5-7B-Instruct,2,1
ADV-C-RESPALDO-POS,RESPALDO,pipeline_ci,1,Qwen2.5-7B-Instruct,3,1
ADV-C-RESPALDO-POS,RESPALDO,pipeline_ci,1,Qwen2.5-7B-Instruct,4,1
ADV-C-RESPALDO-POS,RESPALDO,pipeline_ci,1,Qwen2.5-7B-Instruct,5,1
ADV-C-RESPALDO-POS,RESPALDO,pipeline_ci,1,Qwen2.5-7B-Instruct,6,1
ADV-C-RESPALDO-POS,RESPALDO,pipeline_ci,1,Qwen2.5-7B-Instruct,7,1
ADV-C-RESPALDO-POS,RESPALDO,pipeline_ci,1,Qwen2.5-7B-Instruct,8,1
ADV-C-RESPALDO-POS,RESPALDO,pipeline_ci,1,Phi-3.5-mini-instruct,1,1
ADV-C-RESPALDO-POS,RESPALDO,pipeline_ci,1,Phi-3.5-mini-instruct,2,0
ADV-C-RESPALDO-POS,RESPALDO,pipeline_ci,1,Phi-3.5-mini-instruct,3,1
ADV-C-RESPALDO-POS,RESPALDO,pipeline_ci,1,Phi-3.5-mini-instruct,4,1
ADV-C-RESPALDO-POS,RESPALDO,pipeline_ci,1,Phi-3.5-mini-instruct,5,1
ADV-C-RESPALDO-POS,RESPALDO,pipeline_ci,1,Phi-3.5-mini-instruct,6,1
ADV-C-RESPALDO-POS,RESPALDO,pipeline_ci,1,Phi-3.5-mini-instruct,7,1
ADV-C-RESPALDO-POS,RESPALDO,pipeline_ci,1,Phi-3.5-mini-instruct,8,1
ADV-C-DOCUMENTAL-POS,DOCUMENTAL,documento_texto,1,regex_baseline,,0
ADV-C-DOCUMENTAL-POS,DOCUMENTAL,documento_texto,1,Gemma-2-9B-it,1,1
ADV-C-DOCUMENTAL-POS,DOCUMENTAL,documento_texto,1,Gemma-2-9B-it,2,1
ADV-C-DOCUMENTAL-POS,DOCUMENTAL,documento_texto,1,Gemma-2-9B-it,3,1
ADV-C-DOCUMENTAL-POS,DOCUMENTAL,documento_texto,1,Gemma-2-9B-it,4,1
ADV-C-DOCUMENTAL-POS,DOCUMENTAL,documento_texto,1,Gemma-2-9B-it,5,1
ADV-C-DOCUMENTAL-POS,DOCUMENTAL,documento_texto,1,Gemma-2-9B-it,6,1
ADV-C-DOCUMENTAL-POS,DOCUMENTAL,documento_texto,1,Gemma-2-9B-it,7,1
ADV-C-DOCUMENTAL-POS,DOCUMENTAL,documento_texto,1,Gemma-2-9B-it,8,1
ADV-C-DOCUMENTAL-POS,DOCUMENTAL,documento_texto,1,Mistral-7B-Instruct-v0.2,1,1
ADV-C-DOCUMENTAL-POS,DOCUMENTAL,documento_texto,1,Mistral-7B-Instruct-v0.2,2,1
ADV-C-DOCUMENTAL-POS,DOCUMENTAL,documento_texto,1,Mistral-7B-Instruct-v0.2,3,1
ADV-C-DOCUMENTAL-POS,DOCUMENTAL,documento_texto,1,Mistral-7B-Instruct-v0.2,4,1
ADV-C-DOCUMENTAL-POS,DOCUMENTAL,documento_texto,1,Mistral-7B-Instruct-v0.2,5,1
ADV-C-DOCUMENTAL-POS,DOCUMENTAL,documento_texto,1,Mistral-7B-Instruct-v0.2,6,1
ADV-C-DOCUMENTAL-POS,DOCUMENTAL,documento_texto,1,Mistral-7B-Instruct-v0.2,7,1
ADV-C-DOCUMENTAL-POS,DOCUMENTAL,documento_texto,1,Mistral-7B-Instruct-v0.2,8,1
ADV-C-DOCUMENTAL-POS,DOCUMENTAL,documento_texto,1,Qwen2.5-7B-Instruct,1,1
ADV-C-DOCUMENTAL-POS,DOCUMENTAL,documento_texto,1,Qwen2.5-7B-Instruct,2,1
ADV-C-DOCUMENTAL-POS,DOCUMENTAL,documento_texto,1,Qwen2.5-7B-Instruct,3,1
ADV-C-DOCUMENTAL-POS,DOCUMENTAL,documento_texto,1,Qwen2.5-7B-Instruct,4,1
ADV-C-DOCUMENTAL-POS,DOCUMENTAL,documento_texto,1,Qwen2.5-7B-Instruct,5,1
ADV-C-DOCUMENTAL-POS,DOCUMENTAL,documento_texto,1,Qwen2.5-7B-Instruct,6,1
ADV-C-DOCUMENTAL-POS,DOCUMENTAL,documento_texto,1,Qwen2.5-7B-Instruct,7,1
ADV-C-DOCUMENTAL-POS,DOCUMENTAL,documento_texto,1,Qwen2.5-7B-Instruct,8,1
ADV-C-DOCUMENTAL-POS,DOCUMENTAL,documento_texto,1,Phi-3.5-mini-instruct,1,1
ADV-C-DOCUMENTAL-POS,DOCUMENTAL,documento_texto,1,Phi-3.5-mini-instruct,2,1
ADV-C-DOCUMENTAL-POS,DOCUMENTAL,documento_texto,1,Phi-3.5-mini-instruct,3,1
ADV-C-DOCUMENTAL-POS,DOCUMENTAL,documento_texto,1,Phi-3.5-mini-instruct,4,1
ADV-C-DOCUMENTAL-POS,DOCUMENTAL,documento_texto,1,Phi-3.5-mini-instruct,5,1
ADV-C-DOCUMENTAL-POS,DOCUMENTAL,documento_texto,1,Phi-3.5-mini-instruct,6,1
ADV-C-DOCUMENTAL-POS,DOCUMENTAL,documento_texto,1,Phi-3.5-mini-instruct,7,1
ADV-C-DOCUMENTAL-POS,DOCUMENTAL,documento_texto,1,Phi-3.5-mini-instruct,8,1
SMP-INFRA-POS,INFRA,codigo_fuente,1,regex_baseline,,1
SMP-INFRA-POS,INFRA,codigo_fuente,1,Gemma-2-9B-it,1,1
SMP-INFRA-POS,INFRA,codigo_fuente,1,Gemma-2-9B-it,2,1
SMP-INFRA-POS,INFRA,codigo_fuente,1,Gemma-2-9B-it,3,0
SMP-INFRA-POS,INFRA,codigo_fuente,1,Gemma-2-9B-it,4,1
SMP-INFRA-POS,INFRA,codigo_fuente,1,Gemma-2-9B-it,5,1
SMP-INFRA-POS,INFRA,codigo_fuente,1,Gemma-2-9B-it,6,1
SMP-INFRA-POS,INFRA,codigo_fuente,1,Gemma-2-9B-it,7,0
SMP-INFRA-POS,INFRA,codigo_fuente,1,Gemma-2-9B-it,8,1
SMP-INFRA-POS,INFRA,codigo_fuente,1,Mistral-7B-Instruct-v0.2,1,0
SMP-INFRA-POS,INFRA,codigo_fuente,1,Mistral-7B-Instruct-v0.2,2,1
SMP-INFRA-POS,INFRA,codigo_fuente,1,Mistral-7B-Instruct-v0.2,3,1
SMP-INFRA-POS,INFRA,codigo_fuente,1,Mistral-7B-Instruct-v0.2,4,1
SMP-INFRA-POS,INFRA,codigo_fuente,1,Mistral-7B-Instruct-v0.2,5,1
SMP-INFRA-POS,INFRA,codigo_fuente,1,Mistral-7B-Instruct-v0.2,6,1
SMP-INFRA-POS,INFRA,codigo_fuente,1,Mistral-7B-Instruct-v0.2,7,1
SMP-INFRA-POS,INFRA,codigo_fuente,1,Mistral-7B-Instruct-v0.2,8,1
SMP-INFRA-POS,INFRA,codigo_fuente,1,Qwen2.5-7B-Instruct,1,0
SMP-INFRA-POS,INFRA,codigo_fuente,1,Qwen2.5-7B-Instruct,2,0
SMP-INFRA-POS,INFRA,codigo_fuente,1,Qwen2.5-7B-Instruct,3,0
SMP-INFRA-POS,INFRA,codigo_fuente,1,Qwen2.5-7B-Instruct,4,0
SMP-INFRA-POS,INFRA,codigo_fuente,1,Qwen2.5-7B-Instruct,5,0
SMP-INFRA-POS,INFRA,codigo_fuente,1,Qwen2.5-7B-Instruct,6,0
SMP-INFRA-POS,INFRA,codigo_fuente,1,Qwen2.5-7B-Instruct,7,0
SMP-INFRA-POS,INFRA,codigo_fuente,1,Qwen2.5-7B-Instruct,8,0
SMP-INFRA-POS,INFRA,codigo_fuente,1,Phi-3.5-mini-instruct,1,0
SMP-INFRA-POS,INFRA,codigo_fuente,1,Phi-3.5-mini-instruct,2,0
SMP-INFRA-POS,INFRA,codigo_fuente,1,Phi-3.5-mini-instruct,3,0
SMP-INFRA-POS,INFRA,codigo_fuente,1,Phi-3.5-mini-instruct,4,1
SMP-INFRA-POS,INFRA,codigo_fuente,1,Phi-3.5-mini-instruct,5,0
SMP-INFRA-POS,INFRA,codigo_fuente,1,Phi-3.5-mini-instruct,6,1
SMP-INFRA-POS,INFRA,codigo_fuente,1,Phi-3.5-mini-instruct,7,1
SMP-INFRA-POS,INFRA,codigo_fuente,1,Phi-3.5-mini-instruct,8,1
ADV-C-INFRA-POS,INFRA,codigo_fuente,1,regex_baseline,,0
ADV-C-INFRA-POS,INFRA,codigo_fuente,1,Gemma-2-9B-it,1,1
ADV-C-INFRA-POS,INFRA,codigo_fuente,1,Gemma-2-9B-it,2,1
ADV-C-INFRA-POS,INFRA,codigo_fuente,1,Gemma-2-9B-it,3,1
ADV-C-INFRA-POS,INFRA,codigo_fuente,1,Gemma-2-9B-it,4,1
ADV-C-INFRA-POS,INFRA,codigo_fuente,1,Gemma-2-9B-it,5,1
ADV-C-INFRA-POS,INFRA,codigo_fuente,1,Gemma-2-9B-it,6,1
ADV-C-INFRA-POS,INFRA,codigo_fuente,1,Gemma-2-9B-it,7,1
ADV-C-INFRA-POS,INFRA,codigo_fuente,1,Gemma-2-9B-it,8,1
ADV-C-INFRA-POS,INFRA,codigo_fuente,1,Mistral-7B-Instruct-v0.2,1,1
ADV-C-INFRA-POS,INFRA,codigo_fuente,1,Mistral-7B-Instruct-v0.2,2,1
ADV-C-INFRA-POS,INFRA,codigo_fuente,1,Mistral-7B-Instruct-v0.2,3,1
ADV-C-INFRA-POS,INFRA,codigo_fuente,1,Mistral-7B-Instruct-v0.2,4,1
ADV-C-INFRA-POS,INFRA,codigo_fuente,1,Mistral-7B-Instruct-v0.2,5,1
ADV-C-INFRA-POS,INFRA,codigo_fuente,1,Mistral-7B-Instruct-v0.2,6,1
ADV-C-INFRA-POS,INFRA,codigo_fuente,1,Mistral-7B-Instruct-v0.2,7,1
ADV-C-INFRA-POS,INFRA,codigo_fuente,1,Mistral-7B-Instruct-v0.2,8,1
ADV-C-INFRA-POS,INFRA,codigo_fuente,1,Qwen2.5-7B-Instruct,1,1
ADV-C-INFRA-POS,INFRA,codigo_fuente,1,Qwen2.5-7B-Instruct,2,1
ADV-C-INFRA-POS,INFRA,codigo_fuente,1,Qwen2.5-7B-Instruct,3,1
ADV-C-INFRA-POS,INFRA,codigo_fuente,1,Qwen2.5-7B-Instruct,4,1
ADV-C-INFRA-POS,INFRA,codigo_fuente,1,Qwen2.5-7B-Instruct,5,1
ADV-C-INFRA-POS,INFRA,codigo_fuente,1,Qwen2.5-7B-Instruct,6,1
ADV-C-INFRA-POS,INFRA,codigo_fuente,1,Qwen2.5-7B-Instruct,7,1
ADV-C-INFRA-POS,INFRA,codigo_fuente,1,Qwen2.5-7B-Instruct,8,1
ADV-C-INFRA-POS,INFRA,codigo_fuente,1,Phi-3.5-mini-instruct,1,1
ADV-C-INFRA-POS,INFRA,codigo_fuente,1,Phi-3.5-mini-instruct,2,1
ADV-C-INFRA-POS,INFRA,codigo_fuente,1,Phi-3.5-mini-instruct,3,1
ADV-C-INFRA-POS,INFRA,codigo_fuente,1,Phi-3.5-mini-instruct,4,1
ADV-C-INFRA-POS,INFRA,codigo_fuente,1,Phi-3.5-mini-instruct,5,1
ADV-C-INFRA-POS,INFRA,codigo_fuente,1,Phi-3.5-mini-instruct,6,1
ADV-C-INFRA-POS,INFRA,codigo_fuente,1,Phi-3.5-mini-instruct,7,1
ADV-C-INFRA-POS,INFRA,codigo_fuente,1,Phi-3.5-mini-instruct,8,1
